rain_day,rain_hour,elevation,ground_type,ground_amplitude,slope_degree,slope_percentage,danger_level
21.9,0.4,36.0,A2,20 a 100m,10 a 30º,0 a 60%,Baixa
3.8,1.0,33.0,LVd4,20 a 100m,10 a 30º,0 a 60%,Media
9.2,0.4,43.0,URBANO,20 a 100m,10 a 30º,0 a 60%,Media
9.6,0.6,37.0,LVd4,20 a 100m,10 a 30º,0 a 60%,Media
9.2,0.4,25.0,LVd4,20 a 100m,10 a 30º,0 a 60%,Media
9.6,0.4,37.0,LVd4,20 a 100m,10 a 30º,0 a 60%,Media
7.6,0.5,55.0,LVd4,20 a 100m,10 a 30º,0 a 60%,Baixa
3.8,0.2,66.0,LVd4,20 a 100m,10 a 30º,0 a 60%,Media
2.1,0.4,70.0,LVd4,20 a 100m,10 a 30º,0 a 60%,Media
0.1,0.1,36.0,A2,20 a 100m,10 a 30º,0 a 60%,Baixa
9.2,0.2,43.0,URBANO,20 a 100m,10 a 30º,0 a 60%,Media
9.6,0.2,23.0,LVd4,20 a 100m,10 a 30º,0 a 60%,Media
2.5,0.0,43.0,LVd4,20 a 100m,10 a 30º,0 a 60%,Baixa
0.1,0.0,36.0,A2,20 a 100m,10 a 30º,0 a 60%,Baixa
1.6,0.0,33.0,LVd4,20 a 100m,10 a 30º,0 a 60%,Media
9.4,0.5,36.0,A2,20 a 100m,10 a 30º,0 a 60%,Baixa
26.5,1.1,36.0,A2,20 a 100m,10 a 30º,0 a 60%,Baixa
9.6,0.6,51.0,LVd4,20 a 100m,10 a 30º,0 a 60%,Baixa
49.1,1.2,21.0,A2,20 a 100m,10 a 30º,0 a 60%,Baixa
19.8,3.1,36.0,A2,20 a 100m,10 a 30º,0 a 60%,Baixa
2.3,0.0,57.0,LVd4,20 a 100m,10 a 30º,0 a 60%,Media
35.6,0.0,48.0,A2,20 a 100m,10 a 30º,0 a 60%,Media
35.6,0.2,24.0,A2,0 a 40m,0 a 5º,0 a 15%,Media
9.6,0.3,36.0,LVd4,20 a 100m,10 a 30º,0 a 60%,Alta
20.2,0.7,34.0,A2,20 a 100m,10 a 30º,0 a 60%,Media
2.9,0.0,41.0,LVd2,20 a 100m,10 a 30º,0 a 60%,Media
20.2,0.3,13.0,A2,0 a 40m,0 a 5º,0 a 15%,Baixa
83.0,7.5,27.0,A2,20 a 100m,10 a 30º,0 a 60%,Baixa
83.0,7.5,27.0,A2,20 a 100m,10 a 30º,0 a 60%,Baixa
20.2,0.2,36.0,A2,20 a 100m,10 a 30º,0 a 60%,Baixa
83.0,7.5,27.0,A2,20 a 100m,10 a 30º,0 a 60%,Baixa
20.2,0.2,34.0,A2,20 a 100m,10 a 30º,0 a 60%,Media
0.1,0.0,55.0,LVd2,20 a 100m,10 a 30º,0 a 60%,Media
3.7,0.3,11.0,A2,0 a 40m,0 a 5º,0 a 15%,Baixa
12.7,0.6,36.0,A2,20 a 100m,10 a 30º,0 a 60%,Baixa
9.6,0.1,24.0,LVd4,20 a 100m,10 a 30º,0 a 60%,Baixa
7.3,0.5,57.0,LVd2,20 a 100m,10 a 30º,0 a 60%,Media
83.0,8.0,36.0,A2,20 a 100m,10 a 30º,0 a 60%,Baixa
20.2,0.5,27.0,A2,20 a 100m,10 a 30º,0 a 60%,Baixa
14.2,1.3,57.0,URBANO,20 a 100m,10 a 30º,0 a 60%,Media
14.2,0.5,47.0,A2,20 a 100m,10 a 30º,0 a 60%,Media
26.5,0.3,39.0,A2,20 a 100m,10 a 30º,0 a 60%,Media
26.5,0.3,62.0,A2,20 a 100m,10 a 30º,0 a 60%,Media
2.3,0.4,20.0,A2,20 a 100m,10 a 30º,0 a 60%,Baixa
4.1,0.2,17.0,A2,20 a 100m,10 a 30º,0 a 60%,Baixa
20.2,0.5,27.0,A2,20 a 100m,10 a 30º,0 a 60%,Baixa
21.9,3.4,23.0,URBANO,20 a 100m,10 a 30º,0 a 60%,Media
21.9,3.4,42.0,URBANO,20 a 100m,10 a 30º,0 a 60%,Media
19.8,0.0,34.0,A2,20 a 100m,10 a 30º,0 a 60%,Media
9.6,0.3,58.0,LVd4,20 a 100m,10 a 30º,0 a 60%,Media
19.8,0.0,28.0,A2,20 a 100m,10 a 30º,0 a 60%,Media
12.7,0.9,30.0,A2,20 a 100m,10 a 30º,0 a 60%,Media
1.7,0.4,32.0,LVd4,20 a 100m,10 a 30º,0 a 60%,Baixa
9.6,0.2,19.0,LVd4,20 a 100m,10 a 30º,0 a 60%,Media
20.2,0.2,42.0,URBANO,20 a 100m,10 a 30º,0 a 60%,Media
20.2,0.0,21.0,URBANO,20 a 100m,10 a 30º,0 a 60%,Baixa
83.0,1.1,43.0,LVd4,20 a 100m,10 a 30º,0 a 60%,Media
83.0,0.0,43.0,URBANO,20 a 100m,10 a 30º,0 a 60%,Media
83.0,0.1,16.0,URBANO,20 a 100m,10 a 30º,0 a 60%,Media
27.7,0.1,30.0,A2,20 a 100m,10 a 30º,0 a 60%,Baixa
20.2,0.6,28.0,LVd4,0 a 40m,0 a 5º,0 a 15%,Baixa
3.7,0.2,30.0,A2,20 a 100m,10 a 30º,0 a 60%,Baixa
83.0,4.8,30.0,A2,20 a 100m,10 a 30º,0 a 60%,Baixa
9.6,0.3,32.0,URBANO,20 a 100m,10 a 30º,0 a 60%,Alta
1.0,0.2,28.0,LVd4,20 a 100m,10 a 30º,0 a 60%,Media
1.7,0.0,31.0,LVd4,0 a 40m,0 a 5º,0 a 15%,Baixa
12.4,0.5,27.0,A2,20 a 100m,10 a 30º,0 a 60%,Baixa
4.3,0.0,30.0,URBANO,20 a 100m,10 a 30º,0 a 60%,Media
14.5,0.1,61.0,LVd4,20 a 100m,10 a 30º,0 a 60%,Media
20.8,0.1,17.0,A2,0 a 40m,0 a 5º,0 a 15%,Media
0.7,0.2,42.0,LVd4,20 a 100m,10 a 30º,0 a 60%,Alta
14.2,0.8,25.0,LVd4,20 a 100m,10 a 30º,0 a 60%,Alta
12.4,2.3,39.0,URBANO,20 a 100m,10 a 30º,0 a 60%,Media
7.4,0.3,61.0,LVd4,20 a 100m,10 a 30º,0 a 60%,Media
0.9,0.0,66.0,LVd4,20 a 100m,10 a 30º,0 a 60%,Media
26.5,0.3,31.0,LVd4,20 a 100m,10 a 30º,0 a 60%,Media
2.3,0.0,45.0,LVd4,20 a 100m,10 a 30º,0 a 60%,Alta
3.0,0.3,28.0,LVd4,0 a 40m,0 a 5º,0 a 15%,Baixa
1.8,0.0,43.0,URBANO,20 a 100m,10 a 30º,0 a 60%,Media
2.9,0.2,34.0,LVd4,20 a 100m,10 a 30º,0 a 60%,Media
2.9,0.2,25.0,LVd4,20 a 100m,10 a 30º,0 a 60%,Alta
9.6,0.2,40.0,LVd4,20 a 100m,10 a 30º,0 a 60%,Media
7.4,0.2,47.0,LVd4,20 a 100m,10 a 30º,0 a 60%,Media
14.2,1.4,47.0,LVd4,20 a 100m,10 a 30º,0 a 60%,Media
5.3,0.6,66.0,LVd4,20 a 100m,10 a 30º,0 a 60%,Media
4.7,0.2,25.0,LVd4,20 a 100m,10 a 30º,0 a 60%,Alta
4.9,0.2,55.0,LVd4,20 a 100m,10 a 30º,0 a 60%,Baixa
8.0,0.0,71.0,LVd4,20 a 100m,10 a 30º,0 a 60%,Alta
3.7,0.0,45.0,URBANO,20 a 100m,10 a 30º,0 a 60%,Media
14.5,0.2,41.0,LVd4,20 a 100m,10 a 30º,0 a 60%,Alta
12.7,0.6,30.0,LVd4,0 a 40m,0 a 5º,0 a 15%,Baixa
12.7,0.6,31.0,LVd4,0 a 40m,0 a 5º,0 a 15%,Baixa
20.8,1.5,17.0,A2,20 a 100m,10 a 30º,0 a 60%,Baixa
83.0,5.2,44.0,LVd4,20 a 100m,10 a 30º,0 a 60%,Media
3.5,0.0,24.0,A2,0 a 40m,0 a 5º,0 a 15%,Baixa
12.7,0.6,41.0,LVd4,20 a 100m,10 a 30º,0 a 60%,Media
83.0,0.6,23.0,LVd4,0 a 40m,0 a 5º,0 a 15%,Media
3.0,0.3,36.0,A2,20 a 100m,10 a 30º,0 a 60%,Media
83.0,0.5,41.0,LVd4,20 a 100m,10 a 30º,0 a 60%,Baixa
14.2,1.1,17.0,A2,20 a 100m,10 a 30º,0 a 60%,Media
49.1,4.0,17.0,A2,20 a 100m,10 a 30º,0 a 60%,Media
10.8,0.6,34.0,A2,20 a 100m,10 a 30º,0 a 60%,Baixa
35.6,0.0,61.0,LVd4,20 a 100m,10 a 30º,0 a 60%,Media
5.2,0.1,30.0,A2,20 a 100m,10 a 30º,0 a 60%,Baixa
15.9,0.5,43.0,URBANO,20 a 100m,10 a 30º,0 a 60%,Baixa
3.6,0.3,20.0,A2,20 a 100m,10 a 30º,0 a 60%,Baixa
83.0,0.2,20.0,A2,20 a 100m,10 a 30º,0 a 60%,Media
4.1,0.1,17.0,A2,20 a 100m,10 a 30º,0 a 60%,Media
2.3,0.1,32.0,LVd2,20 a 100m,10 a 30º,0 a 60%,Alta
20.2,0.4,41.0,LVd4,20 a 100m,10 a 30º,0 a 60%,Media
20.2,1.3,71.0,LVd4,20 a 100m,10 a 30º,0 a 60%,Alta
20.2,0.3,43.0,LVd4,20 a 100m,10 a 30º,0 a 60%,Baixa
20.2,0.3,23.0,LVd4,0 a 40m,0 a 5º,0 a 15%,Media
3.0,0.3,55.0,A2,20 a 100m,10 a 30º,0 a 60%,Media
0.5,0.1,19.0,LVd4,0 a 40m,0 a 5º,0 a 15%,Media
20.2,0.2,61.0,LVd4,20 a 100m,10 a 30º,0 a 60%,Media
4.0,0.3,13.0,A2,0 a 40m,0 a 5º,0 a 15%,Baixa
1.5,0.0,23.0,URBANO,20 a 100m,10 a 30º,0 a 60%,Media
2.6,0.1,24.0,LVd4,20 a 100m,10 a 30º,0 a 60%,Baixa
20.2,0.5,83.0,LVd4,20 a 100m,10 a 30º,0 a 60%,Media
83.0,7.5,41.0,LVd4,20 a 100m,10 a 30º,0 a 60%,Alta
19.0,0.4,21.0,URBANO,20 a 100m,10 a 30º,0 a 60%,Media
19.0,1.7,34.0,A2,20 a 100m,10 a 30º,0 a 60%,Media
17.8,0.2,21.0,URBANO,20 a 100m,10 a 30º,0 a 60%,Baixa
6.1,0.0,23.0,URBANO,20 a 100m,10 a 30º,0 a 60%,Media
17.1,0.3,68.0,LVd4,20 a 100m,10 a 30º,0 a 60%,Media
17.1,0.5,68.0,LVd4,20 a 100m,10 a 30º,0 a 60%,Media
13.4,0.3,76.0,LVd2,20 a 100m,10 a 30º,0 a 60%,Media
26.5,0.3,4.0,HP,0 a 40m,0 a 5º,0 a 15%,Baixa
7.1,0.6,41.0,LVd4,20 a 100m,10 a 30º,0 a 60%,Alta
20.2,0.5,47.0,LVd4,20 a 100m,10 a 30º,0 a 60%,Media
7.8,0.2,55.0,LVd4,20 a 100m,10 a 30º,0 a 60%,Baixa
3.6,0.1,20.0,URBANO,20 a 100m,10 a 30º,0 a 60%,Baixa
3.6,0.1,17.0,URBANO,20 a 100m,10 a 30º,0 a 60%,Baixa
3.6,0.1,62.0,A2,20 a 100m,10 a 30º,0 a 60%,Media
12.7,0.7,71.0,LVd4,20 a 100m,10 a 30º,0 a 60%,Alta
19.8,0.0,61.0,LVd4,20 a 100m,10 a 30º,0 a 60%,Media
12.7,0.1,69.0,LVd4,20 a 100m,10 a 30º,0 a 60%,Baixa
1.5,0.0,24.0,A2,0 a 40m,0 a 5º,0 a 15%,Baixa
12.7,0.1,69.0,LVd4,20 a 100m,10 a 30º,0 a 60%,Media
6.7,0.1,25.0,LVd4,0 a 40m,0 a 5º,0 a 15%,Baixa
5.4,0.5,28.0,A2,20 a 100m,10 a 30º,0 a 60%,Media
4.6,0.1,20.0,URBANO,20 a 100m,10 a 30º,0 a 60%,Baixa
3.8,0.3,52.0,URBANO,20 a 100m,10 a 30º,0 a 60%,Media
12.7,0.1,47.0,LVd4,20 a 100m,10 a 30º,0 a 60%,Media
26.5,4.6,70.0,LVd2,20 a 100m,10 a 30º,0 a 60%,Media
4.4,0.0,69.0,LVd4,20 a 100m,10 a 30º,0 a 60%,Media
7.3,0.2,17.0,A2,20 a 100m,10 a 30º,0 a 60%,Media
4.3,0.2,68.0,LVd4,20 a 100m,10 a 30º,0 a 60%,Media
6.0,0.4,27.0,A2,20 a 100m,10 a 30º,0 a 60%,Baixa
9.6,0.2,62.0,A2,20 a 100m,10 a 30º,0 a 60%,Baixa
9.6,1.0,45.0,URBANO,20 a 100m,10 a 30º,0 a 60%,Media
9.6,0.3,20.0,URBANO,20 a 100m,10 a 30º,0 a 60%,Baixa
19.1,0.9,33.0,LVd4,0 a 40m,0 a 5º,0 a 15%,Baixa
19.1,0.6,23.0,LVd4,0 a 40m,0 a 5º,0 a 15%,Media
1.7,0.1,61.0,LVd4,20 a 100m,10 a 30º,0 a 60%,Media
2.4,0.1,46.0,LVd4,20 a 100m,10 a 30º,0 a 60%,Media
2.0,0.1,46.0,LVd4,20 a 100m,10 a 30º,0 a 60%,Media
2.0,0.1,46.0,LVd4,20 a 100m,10 a 30º,0 a 60%,Media
0.4,0.1,34.0,LVd4,20 a 100m,10 a 30º,0 a 60%,Media
9.6,0.2,30.0,A2,20 a 100m,10 a 30º,0 a 60%,Media
1.3,0.0,61.0,LVd4,20 a 100m,10 a 30º,0 a 60%,Media
2.1,0.2,30.0,A2,20 a 100m,10 a 30º,0 a 60%,Media
0.2,0.0,27.0,LVd4,0 a 40m,0 a 5º,0 a 15%,Baixa
1.1,0.0,19.0,A2,0 a 40m,0 a 5º,0 a 15%,Media
2.6,0.3,17.0,A2,20 a 100m,10 a 30º,0 a 60%,Media
14.2,0.5,45.0,LVd4,20 a 100m,10 a 30º,0 a 60%,Media
14.2,0.5,45.0,LVd4,20 a 100m,10 a 30º,0 a 60%,Media
13.4,0.8,61.0,LVd4,20 a 100m,10 a 30º,0 a 60%,Media
7.3,0.3,61.0,LVd4,20 a 100m,10 a 30º,0 a 60%,Media
7.1,0.6,27.0,A2,20 a 100m,10 a 30º,0 a 60%,Baixa
17.8,0.6,28.0,A2,20 a 100m,10 a 30º,0 a 60%,Media
17.8,0.6,27.0,A2,20 a 100m,10 a 30º,0 a 60%,Baixa
19.0,1.7,36.0,A2,20 a 100m,10 a 30º,0 a 60%,Baixa
17.8,1.1,28.0,A2,20 a 100m,10 a 30º,0 a 60%,Media
9.5,0.4,28.0,A2,20 a 100m,10 a 30º,0 a 60%,Media
2.1,0.1,43.0,URBANO,20 a 100m,10 a 30º,0 a 60%,Media
17.8,1.9,28.0,A2,20 a 100m,10 a 30º,0 a 60%,Media
3.4,0.3,30.0,LVd4,0 a 40m,0 a 5º,0 a 15%,Baixa
1.1,0.0,41.0,LVd4,20 a 100m,10 a 30º,0 a 60%,Baixa
3.8,0.1,27.0,A2,20 a 100m,10 a 30º,0 a 60%,Baixa
1.5,0.1,40.0,LVd4,20 a 100m,10 a 30º,0 a 60%,Baixa
2.3,0.1,28.0,A2,20 a 100m,10 a 30º,0 a 60%,Media
9.2,0.4,28.0,A2,20 a 100m,10 a 30º,0 a 60%,Media
9.6,0.2,28.0,A2,20 a 100m,10 a 30º,0 a 60%,Media
2.4,0.1,46.0,LVd4,20 a 100m,10 a 30º,0 a 60%,Media
7.4,0.2,61.0,LVd4,20 a 100m,10 a 30º,0 a 60%,Media
16.3,2.0,28.0,A2,20 a 100m,10 a 30º,0 a 60%,Media
19.0,0.8,61.0,LVd4,20 a 100m,10 a 30º,0 a 60%,Media
17.8,0.1,69.0,LVd4,20 a 100m,10 a 30º,0 a 60%,Baixa
9.6,0.1,28.0,A2,20 a 100m,10 a 30º,0 a 60%,Media
9.6,0.4,23.0,A2,0 a 40m,0 a 5º,0 a 15%,Media
19.0,2.7,46.0,LVd4,0 a 40m,0 a 5º,0 a 15%,Media
17.8,0.4,77.0,LVd4,20 a 100m,10 a 30º,0 a 60%,Baixa
19.0,0.4,47.0,LVd4,20 a 100m,10 a 30º,0 a 60%,Media
19.0,0.4,42.0,LVd4,20 a 100m,10 a 30º,0 a 60%,Alta
57.8,1.3,4.0,URBANO,0 a 40m,0 a 5º,0 a 15%,Baixa
17.8,0.6,41.0,LVd4,20 a 100m,10 a 30º,0 a 60%,Baixa
19.0,1.7,47.0,LVd4,20 a 100m,10 a 30º,0 a 60%,Media
5.0,1.0,61.0,LVd4,20 a 100m,10 a 30º,0 a 60%,Media
19.0,1.2,46.0,LVd4,0 a 40m,0 a 5º,0 a 15%,Media
19.0,0.5,41.0,LVd4,20 a 100m,10 a 30º,0 a 60%,Alta
17.8,0.2,46.0,LVd4,20 a 100m,10 a 30º,0 a 60%,Media
19.0,0.7,46.0,LVd4,20 a 100m,10 a 30º,0 a 60%,Media
19.0,0.7,69.0,LVd4,20 a 100m,10 a 30º,0 a 60%,Baixa
19.0,0.7,30.0,LVd4,0 a 40m,0 a 5º,0 a 15%,Baixa
17.8,1.9,61.0,LVd4,20 a 100m,10 a 30º,0 a 60%,Media
2.9,0.1,43.0,LVd4,20 a 100m,10 a 30º,0 a 60%,Baixa
19.0,1.1,46.0,LVd4,20 a 100m,10 a 30º,0 a 60%,Media
9.6,1.6,47.0,LVd4,20 a 100m,10 a 30º,0 a 60%,Media
1.6,0.1,42.0,LVd4,20 a 100m,10 a 30º,0 a 60%,Alta
9.6,0.2,71.0,LVd4,20 a 100m,10 a 30º,0 a 60%,Alta
7.2,0.1,23.0,LVd4,0 a 40m,0 a 5º,0 a 15%,Media
3.8,1.0,34.0,LVd4,20 a 100m,10 a 30º,0 a 60%,Media
9.6,0.6,46.0,LVd4,20 a 100m,10 a 30º,0 a 60%,Media
9.6,0.2,30.0,LVd4,0 a 40m,0 a 5º,0 a 15%,Baixa
9.6,0.2,41.0,LVd4,20 a 100m,10 a 30º,0 a 60%,Alta
9.6,0.6,43.0,LVd4,20 a 100m,10 a 30º,0 a 60%,Media
9.6,0.3,40.0,LVd4,20 a 100m,10 a 30º,0 a 60%,Baixa
30.3,0.2,41.0,LVd2,20 a 100m,10 a 30º,0 a 60%,Media
16.3,0.6,83.0,LVd4,20 a 100m,10 a 30º,0 a 60%,Media
2.3,0.0,83.0,LVd4,20 a 100m,10 a 30º,0 a 60%,Media
14.2,1.8,49.0,PV1,20 a 100m,10 a 30º,0 a 60%,Alta
9.2,0.6,61.0,LVd4,20 a 100m,10 a 30º,0 a 60%,Media
3.8,0.1,43.0,LVd4,20 a 100m,10 a 30º,0 a 60%,Media
9.2,0.4,84.0,LVd4,20 a 100m,10 a 30º,0 a 60%,Media
3.0,0.0,84.0,LVd4,20 a 100m,10 a 30º,0 a 60%,Media
5.3,0.6,46.0,LVd4,20 a 100m,10 a 30º,0 a 60%,Media
14.2,1.2,55.0,PV1,20 a 100m,10 a 30º,0 a 60%,Media
7.4,0.2,27.0,PV1,20 a 100m,10 a 30º,0 a 60%,Baixa
26.5,4.6,35.0,PV1,20 a 100m,10 a 30º,0 a 60%,Media
3.0,0.0,25.0,A2,20 a 100m,10 a 30º,0 a 60%,Baixa
15.6,1.6,74.0,PV1,20 a 100m,10 a 30º,0 a 60%,Media
20.2,0.2,37.0,AGUA,20 a 100m,10 a 30º,0 a 60%,Media
0.7,0.0,49.0,PV1,20 a 100m,10 a 30º,0 a 60%,Baixa
12.7,0.5,36.0,PV1,20 a 100m,10 a 30º,0 a 60%,Baixa
35.6,0.4,69.0,PV1,20 a 100m,10 a 30º,0 a 60%,Media
12.7,1.1,17.0,URBANO,10 a 40m,0 a 10º,0 a 20%,Baixa
83.0,5.2,74.0,PV1,20 a 100m,10 a 30º,0 a 60%,Media
83.0,5.2,27.0,PV1,20 a 100m,10 a 30º,0 a 60%,Baixa
19.8,0.0,49.0,PV1,20 a 100m,10 a 30º,0 a 60%,Baixa
12.7,0.3,35.0,PV1,20 a 100m,10 a 30º,0 a 60%,Baixa
4.3,0.2,19.0,A2,20 a 100m,10 a 30º,0 a 60%,Baixa
6.8,1.4,37.0,AGUA,20 a 100m,10 a 30º,0 a 60%,Media
6.8,0.6,37.0,AGUA,20 a 100m,10 a 30º,0 a 60%,Media
0.7,0.2,22.0,A2,20 a 100m,10 a 30º,0 a 60%,Baixa
13.4,1.6,49.0,PV1,20 a 100m,10 a 30º,0 a 60%,Baixa
15.9,0.6,47.0,PV1,20 a 100m,10 a 30º,0 a 60%,Baixa
1.6,0.0,35.0,PV1,20 a 100m,10 a 30º,0 a 60%,Baixa
9.6,0.3,49.0,PV1,20 a 100m,10 a 30º,0 a 60%,Media
0.0,0.0,49.0,PV1,20 a 100m,10 a 30º,0 a 60%,Baixa
1.6,0.0,57.0,LVd2,20 a 100m,10 a 30º,0 a 60%,Media
6.8,0.1,15.0,LVd2,0 a 20m,0 a 5º,0 a 10%,Baixa
3.8,0.1,15.0,LVd2,0 a 20m,0 a 5º,0 a 10%,Baixa
3.8,0.1,41.0,LVd2,20 a 100m,10 a 30º,0 a 60%,Media
14.2,0.5,10.0,LVd4,20 a 100m,10 a 30º,0 a 60%,Media
19.0,0.3,46.0,URBANO,20 a 100m,10 a 30º,0 a 60%,Media
5.0,0.2,31.0,URBANO,20 a 100m,10 a 30º,0 a 60%,Media
10.3,0.5,16.0,LVd4,20 a 100m,10 a 30º,0 a 60%,Baixa
3.8,0.2,16.0,LVd4,20 a 100m,10 a 30º,0 a 60%,Baixa
5.3,0.2,25.0,A2,20 a 100m,10 a 30º,0 a 60%,Baixa
83.0,0.6,16.0,URBANO,0 a 40m,0 a 5º,0 a 15%,Baixa
20.2,0.2,16.0,URBANO,0 a 20m,0 a 5º,0 a 5%,Baixa
1.8,0.0,76.0,LVd2,20 a 100m,10 a 30º,0 a 60%,Alta
21.9,0.4,35.0,PV1,0 a 40m,0 a 5º,0 a 15%,Baixa
5.3,0.1,48.0,A2,20 a 100m,10 a 30º,0 a 60%,Media
12.7,1.1,35.0,PV1,0 a 40m,0 a 5º,0 a 15%,Baixa
14.2,0.3,53.0,A2,20 a 100m,10 a 30º,0 a 60%,Media
4.1,0.0,12.0,A2,0 a 20m,0 a 5º,0 a 5%,Baixa
26.5,0.3,36.0,A2,20 a 100m,10 a 30º,0 a 60%,Media
26.5,1.1,32.0,A2,20 a 100m,10 a 30º,0 a 60%,Baixa
49.1,1.5,32.0,A2,20 a 100m,10 a 30º,0 a 60%,Baixa
26.5,1.5,36.0,A2,20 a 100m,10 a 30º,0 a 60%,Media
83.0,0.2,22.0,A2,20 a 100m,10 a 30º,0 a 60%,Media
35.6,0.0,11.0,LVd2,20 a 100m,10 a 30º,0 a 60%,Baixa
83.0,7.5,32.0,A2,20 a 100m,10 a 30º,0 a 60%,Baixa
20.2,1.3,36.0,A2,20 a 100m,10 a 30º,0 a 60%,Media
27.7,0.6,34.0,A2,20 a 100m,10 a 30º,0 a 60%,Media
20.2,0.5,32.0,LVd2,20 a 100m,10 a 30º,0 a 60%,Media
83.0,7.9,28.0,LVd2,20 a 100m,10 a 30º,0 a 60%,Baixa
19.8,0.0,41.0,A2,0 a 40m,0 a 5º,0 a 15%,Alta
12.7,1.0,32.0,LVd2,20 a 100m,10 a 30º,0 a 60%,Media
13.0,2.5,18.0,LVd2,20 a 100m,10 a 30º,0 a 60%,Baixa
2.1,0.0,32.0,LVd2,20 a 100m,10 a 30º,0 a 60%,Media
19.1,0.3,32.0,LVd2,20 a 100m,10 a 30º,0 a 60%,Media
15.9,1.0,24.0,A2,20 a 100m,10 a 30º,0 a 60%,Media
26.5,1.1,37.0,A2,20 a 100m,10 a 30º,0 a 60%,Media
11.0,1.6,47.0,LVd2,20 a 100m,10 a 30º,0 a 60%,Media
26.5,4.6,37.0,A2,20 a 100m,10 a 30º,0 a 60%,Media
23.2,0.9,32.0,LVd4,20 a 100m,10 a 30º,0 a 60%,Baixa
21.9,0.0,25.0,LVd4,20 a 100m,10 a 30º,0 a 60%,Baixa
83.0,0.4,14.0,LVd2,0 a 20m,0 a 5º,0 a 10%,Media
1.7,0.1,53.0,A2,20 a 100m,10 a 30º,0 a 60%,Media
2.1,0.2,12.0,A2,20 a 100m,10 a 30º,0 a 60%,Baixa
2.6,0.2,12.0,A2,20 a 100m,10 a 30º,0 a 60%,Baixa
0.6,0.1,55.0,A2,20 a 100m,10 a 30º,0 a 60%,Media
19.0,0.9,18.0,LVd2,20 a 100m,10 a 30º,0 a 60%,Baixa
3.0,0.1,65.0,A2,20 a 100m,10 a 30º,0 a 60%,Media
83.0,3.5,56.0,LVd4,20 a 100m,10 a 30º,0 a 60%,Media
20.2,1.3,46.0,LVd4,20 a 100m,10 a 30º,0 a 60%,Media
17.8,0.4,28.0,LVd2,20 a 100m,10 a 30º,0 a 60%,Baixa
0.9,0.1,22.0,A2,20 a 100m,10 a 30º,0 a 60%,Media
5.0,0.2,17.0,A2,20 a 100m,10 a 30º,0 a 60%,Baixa
15.2,0.2,43.0,URBANO,20 a 100m,10 a 30º,0 a 60%,Media
2.3,0.1,25.0,LVd4,20 a 100m,10 a 30º,0 a 60%,Media
19.8,0.0,37.0,A2,20 a 100m,10 a 30º,0 a 60%,Media
2.3,0.1,30.0,LVd4,0 a 40m,0 a 5º,0 a 15%,Baixa
5.0,0.3,52.0,LVd2,20 a 100m,10 a 30º,0 a 60%,Media
21.9,0.0,37.0,LVd4,20 a 100m,10 a 30º,0 a 60%,Media
4.7,0.4,43.0,LVd4,0 a 40m,0 a 5º,0 a 15%,Media
19.1,6.5,57.0,LVd4,20 a 100m,10 a 30º,0 a 60%,Media
2.9,0.0,18.0,LVd2,20 a 100m,10 a 30º,0 a 60%,Media
3.0,0.0,37.0,LVd4,20 a 100m,10 a 30º,0 a 60%,Media
19.1,0.5,57.0,LVd4,20 a 100m,10 a 30º,0 a 60%,Media
7.3,0.4,53.0,A2,20 a 100m,10 a 30º,0 a 60%,Baixa
83.0,1.8,28.0,LVd2,20 a 100m,10 a 30º,0 a 60%,Media
10.3,0.1,9.0,A2,0 a 40m,0 a 5º,0 a 15%,Baixa
2.6,0.1,68.0,A2,20 a 100m,10 a 30º,0 a 60%,Baixa
5.3,0.2,48.0,A2,20 a 100m,10 a 30º,0 a 60%,Media
7.4,0.3,24.0,LVd4,20 a 100m,10 a 30º,0 a 60%,Baixa
7.1,0.2,65.0,A2,20 a 100m,10 a 30º,0 a 60%,Media
17.8,0.1,22.0,URBANO,0 a 40m,0 a 5º,0 a 15%,Media
17.8,0.2,36.0,A2,20 a 100m,10 a 30º,0 a 60%,Media
2.6,0.1,9.0,A2,0 a 40m,0 a 5º,0 a 15%,Baixa
6.0,0.3,56.0,LVd4,20 a 100m,10 a 30º,0 a 60%,Media
13.4,0.2,31.0,LVd4,20 a 100m,10 a 30º,0 a 60%,Media
14.2,1.1,58.0,LVd4,20 a 100m,10 a 30º,0 a 60%,Media
7.3,0.2,56.0,LVd4,20 a 100m,10 a 30º,0 a 60%,Media
1.1,0.3,57.0,LVd4,20 a 100m,10 a 30º,0 a 60%,Media
1.1,0.3,56.0,LVd4,20 a 100m,10 a 30º,0 a 60%,Media
0.6,0.0,37.0,LVd4,20 a 100m,10 a 30º,0 a 60%,Media
9.2,0.2,34.0,A2,20 a 100m,10 a 30º,0 a 60%,Media
17.8,1.9,42.0,A2,20 a 100m,10 a 30º,0 a 60%,Media
3.0,0.1,65.0,A2,20 a 100m,10 a 30º,0 a 60%,Media
26.5,4.6,70.0,LVd4,20 a 100m,10 a 30º,0 a 60%,Media
21.9,3.4,55.0,LVd4,20 a 100m,10 a 30º,0 a 60%,Media
10.3,0.2,34.0,A2,20 a 100m,10 a 30º,0 a 60%,Media
26.5,4.6,60.0,LVd4,20 a 100m,10 a 30º,0 a 60%,Media
9.6,0.2,36.0,A2,20 a 100m,10 a 30º,0 a 60%,Media
20.2,0.7,60.0,LVd2,20 a 100m,10 a 30º,0 a 60%,Media
9.2,0.3,31.0,LVd4,20 a 100m,10 a 30º,0 a 60%,Media
83.0,1.8,25.0,A2,20 a 100m,10 a 30º,0 a 60%,Baixa
1.7,0.2,65.0,A2,20 a 100m,10 a 30º,0 a 60%,Media
2.3,0.2,46.0,LVd4,20 a 100m,10 a 30º,0 a 60%,Media
0.7,0.2,24.0,LVd4,20 a 100m,10 a 30º,0 a 60%,Baixa
0.8,0.0,26.0,URBANO,20 a 100m,10 a 30º,0 a 60%,Media
15.6,0.2,30.0,LVd4,0 a 40m,0 a 5º,0 a 15%,Baixa
15.6,0.8,60.0,LVd4,20 a 100m,10 a 30º,0 a 60%,Media
20.3,0.0,26.0,URBANO,20 a 100m,10 a 30º,0 a 60%,Media
20.2,0.0,41.0,LVd2,20 a 100m,10 a 30º,0 a 60%,Media
28.9,5.0,36.0,URBANO,20 a 100m,10 a 30º,0 a 60%,Baixa
29.7,0.6,36.0,URBANO,20 a 100m,10 a 30º,0 a 60%,Media
19.8,3.1,37.0,LVd4,20 a 100m,10 a 30º,0 a 60%,Media
83.0,4.9,58.0,LVd4,20 a 100m,10 a 30º,0 a 60%,Media
12.7,0.6,24.0,LVd4,20 a 100m,10 a 30º,0 a 60%,Baixa
11.0,0.3,34.0,LVd2,20 a 100m,10 a 30º,0 a 60%,Media
83.0,0.6,43.0,LVd4,20 a 100m,10 a 30º,0 a 60%,Baixa
35.6,0.3,36.0,LVd4,20 a 100m,10 a 30º,0 a 60%,Alta
12.7,0.6,55.0,LVd4,20 a 100m,10 a 30º,0 a 60%,Media
35.6,0.0,35.0,URBANO,20 a 100m,10 a 30º,0 a 60%,Media
20.2,1.4,33.0,LVd4,20 a 100m,10 a 30º,0 a 60%,Media
3.6,0.1,62.0,URBANO,20 a 100m,10 a 30º,0 a 60%,Media
19.8,0.6,23.0,LVd4,0 a 40m,0 a 5º,0 a 15%,Media
20.2,0.0,50.0,LVd4,20 a 100m,10 a 30º,0 a 60%,Media
20.2,0.9,24.0,LVd4,20 a 100m,10 a 30º,0 a 60%,Baixa
20.2,0.9,24.0,LVd4,20 a 100m,10 a 30º,0 a 60%,Baixa
20.2,0.0,58.0,LVd4,20 a 100m,10 a 30º,0 a 60%,Media
20.2,0.5,24.0,LVd4,20 a 100m,10 a 30º,0 a 60%,Baixa
8.7,0.1,38.0,LVd2,20 a 100m,10 a 30º,0 a 60%,Media
14.5,0.1,40.0,PV1,20 a 100m,10 a 30º,0 a 60%,Media
20.2,0.5,50.0,LVd4,20 a 100m,10 a 30º,0 a 60%,Media
83.0,7.5,32.0,LVd2,20 a 100m,10 a 30º,0 a 60%,Media
0.6,0.1,19.0,LVd4,20 a 100m,10 a 30º,0 a 60%,Media
83.0,4.8,33.0,LVd4,20 a 100m,10 a 30º,0 a 60%,Media
7.1,0.0,55.0,LVd4,20 a 100m,10 a 30º,0 a 60%,Media
12.7,0.0,43.0,LVd4,20 a 100m,10 a 30º,0 a 60%,Alta
83.0,8.3,33.0,LVd4,20 a 100m,10 a 30º,0 a 60%,Media
12.7,0.1,19.0,LVd4,20 a 100m,10 a 30º,0 a 60%,Media
12.7,0.1,33.0,LVd4,20 a 100m,10 a 30º,0 a 60%,Media
12.7,1.0,37.0,LVd4,20 a 100m,10 a 30º,0 a 60%,Media
12.7,1.0,35.0,URBANO,20 a 100m,10 a 30º,0 a 60%,Media
2.9,0.1,47.0,PV1,20 a 100m,10 a 30º,0 a 60%,Media
83.0,2.8,70.0,LVd2,20 a 100m,10 a 30º,0 a 60%,Media
19.0,0.5,74.0,PV1,20 a 100m,10 a 30º,0 a 60%,Media
2.5,0.1,33.0,LVd4,20 a 100m,10 a 30º,0 a 60%,Baixa
9.6,0.1,38.0,LVd2,20 a 100m,10 a 30º,0 a 60%,Baixa
2.1,0.0,65.0,A2,20 a 100m,10 a 30º,0 a 60%,Media
17.8,1.1,43.0,A2,20 a 100m,10 a 30º,0 a 60%,Baixa
19.0,0.1,14.0,LVd2,0 a 20m,0 a 5º,0 a 10%,Media
6.8,1.4,24.0,LVd4,20 a 100m,10 a 30º,0 a 60%,Baixa
20.8,0.1,33.0,LVd4,20 a 100m,10 a 30º,0 a 60%,Media
19.1,0.2,52.0,LVd4,20 a 100m,10 a 30º,0 a 60%,Media
0.6,0.0,43.0,LVd4,20 a 100m,10 a 30º,0 a 60%,Media
0.6,0.0,47.0,LVd4,20 a 100m,10 a 30º,0 a 60%,Media
4.8,0.2,30.0,LVd4,0 a 40m,0 a 5º,0 a 15%,Baixa
7.4,0.6,64.0,LVd4,20 a 100m,10 a 30º,0 a 60%,Baixa
7.4,0.6,64.0,LVd4,20 a 100m,10 a 30º,0 a 60%,Baixa
2.9,0.0,58.0,LVd4,20 a 100m,10 a 30º,0 a 60%,Media
0.9,0.1,67.0,A2,20 a 100m,10 a 30º,0 a 60%,Media
21.9,0.4,58.0,LVd4,20 a 100m,10 a 30º,0 a 60%,Media
14.5,0.0,53.0,A2,20 a 100m,10 a 30º,0 a 60%,Media
12.4,1.5,38.0,LVd4,20 a 100m,10 a 30º,0 a 60%,Media
0.6,0.1,74.0,LVd4,20 a 100m,10 a 30º,0 a 60%,Media
12.7,0.5,67.0,A2,20 a 100m,10 a 30º,0 a 60%,Media
3.3,0.2,25.0,PV1,20 a 100m,5 a 30º,0 a 60%,Media
83.0,0.6,47.0,LVd4,20 a 100m,10 a 30º,0 a 60%,Media
19.0,0.7,41.0,LVd2,20 a 100m,10 a 30º,0 a 60%,Media
83.0,1.3,41.0,LVd4,20 a 100m,10 a 30º,0 a 60%,Media
83.0,3.5,47.0,LVd4,20 a 100m,10 a 30º,0 a 60%,Media
83.0,3.5,67.0,A2,20 a 100m,10 a 30º,0 a 60%,Media
20.2,1.3,58.0,LVd4,20 a 100m,10 a 30º,0 a 60%,Media
3.0,0.0,53.0,URBANO,20 a 100m,5 a 30º,0 a 60%,Baixa
20.2,0.2,68.0,A2,20 a 100m,10 a 30º,0 a 60%,Media
20.2,0.2,65.0,A2,20 a 100m,10 a 30º,0 a 60%,Media
20.2,0.2,58.0,LVd4,20 a 100m,10 a 30º,0 a 60%,Media
2.9,0.0,22.0,PV1,20 a 100m,5 a 30º,0 a 60%,Media
20.2,0.5,29.0,A2,20 a 100m,10 a 30º,0 a 60%,Media
20.2,0.5,58.0,LVd4,20 a 100m,10 a 30º,0 a 60%,Media
4.1,0.0,29.0,A2,20 a 100m,10 a 30º,0 a 60%,Baixa
2.9,0.1,35.0,PV1,20 a 100m,5 a 30º,0 a 60%,Media
83.0,8.0,68.0,A2,20 a 100m,10 a 30º,0 a 60%,Media
26.5,1.5,51.0,PV1,20 a 100m,5 a 30º,0 a 60%,Media
20.2,0.5,58.0,LVd4,20 a 100m,10 a 30º,0 a 60%,Media
4.3,0.1,19.0,A2,20 a 100m,10 a 30º,0 a 60%,Baixa
12.4,2.3,59.0,A2,20 a 100m,10 a 30º,0 a 60%,Baixa
3.0,0.1,46.0,URBANO,20 a 100m,10 a 30º,0 a 60%,Media
3.2,0.2,55.0,A2,20 a 100m,10 a 30º,0 a 60%,Media
3.6,0.1,44.0,A2,20 a 100m,10 a 30º,0 a 60%,Media
2.2,0.0,67.0,A2,20 a 100m,10 a 30º,0 a 60%,Media
6.0,0.4,37.0,A2,20 a 100m,10 a 30º,0 a 60%,Media
7.6,0.1,58.0,LVd4,20 a 100m,10 a 30º,0 a 60%,Media
1.5,0.1,68.0,A2,20 a 100m,10 a 30º,0 a 60%,Media
6.5,0.0,29.0,A2,20 a 100m,10 a 30º,0 a 60%,Media
19.0,0.8,37.0,A2,20 a 100m,10 a 30º,0 a 60%,Media
17.8,0.1,41.0,LVd4,20 a 100m,10 a 30º,0 a 60%,Media
19.0,2.7,50.0,A2,20 a 100m,10 a 30º,0 a 60%,Media
17.8,0.4,41.0,LVd4,20 a 100m,10 a 30º,0 a 60%,Media
19.0,0.6,29.0,A2,20 a 100m,10 a 30º,0 a 60%,Media
19.8,3.1,42.0,LVd4,0 a 40m,0 a 5º,0 a 15%,Baixa
19.0,0.7,23.0,A2,20 a 100m,10 a 30º,0 a 60%,Baixa
9.4,0.4,59.0,PV1,20 a 100m,5 a 30º,0 a 60%,Media
2.9,0.2,41.0,A2,20 a 100m,10 a 30º,0 a 60%,Media
35.6,0.3,81.0,LVd4,20 a 100m,10 a 30º,0 a 60%,Media
2.0,0.0,51.0,PV1,20 a 100m,5 a 30º,0 a 60%,Media
16.3,0.2,29.0,A2,20 a 100m,10 a 30º,0 a 60%,Media
9.6,0.5,64.0,A2,20 a 100m,10 a 30º,0 a 60%,Media
16.3,0.3,23.0,A2,20 a 100m,10 a 30º,0 a 60%,Baixa
20.2,0.4,39.0,LVd4,20 a 100m,10 a 30º,0 a 60%,Media
83.0,7.9,70.0,LVd2,20 a 100m,10 a 30º,0 a 60%,Media
13.4,0.6,59.0,PV1,20 a 100m,5 a 30º,0 a 60%,Media
7.2,0.1,23.0,A2,20 a 100m,10 a 30º,0 a 60%,Baixa
9.2,0.4,64.0,A2,20 a 100m,10 a 30º,0 a 60%,Media
9.6,0.1,58.0,LVd4,20 a 100m,10 a 30º,0 a 60%,Media
17.8,0.1,22.0,PV1,20 a 100m,5 a 30º,0 a 60%,Media
7.6,0.5,58.0,LVd4,20 a 100m,10 a 30º,0 a 60%,Media
4.3,0.2,67.0,A2,20 a 100m,10 a 30º,0 a 60%,Media
9.6,0.2,23.0,A2,20 a 100m,10 a 30º,0 a 60%,Baixa
16.3,0.9,29.0,A2,20 a 100m,10 a 30º,0 a 60%,Baixa
9.2,0.4,64.0,A2,20 a 100m,10 a 30º,0 a 60%,Media
8.9,1.5,41.0,A2,20 a 100m,10 a 30º,0 a 60%,Media
9.6,0.3,68.0,A2,20 a 100m,10 a 30º,0 a 60%,Media
3.8,0.2,65.0,A2,20 a 100m,10 a 30º,0 a 60%,Media
6.0,0.2,41.0,A2,20 a 100m,10 a 30º,0 a 60%,Media
9.6,0.2,64.0,A2,20 a 100m,10 a 30º,0 a 60%,Media
9.6,0.2,53.0,A2,20 a 100m,10 a 30º,0 a 60%,Media
19.8,0.7,14.0,LVd2,0 a 20m,0 a 5º,0 a 10%,Media
9.6,0.1,41.0,A2,20 a 100m,10 a 30º,0 a 60%,Media
3.8,0.3,47.0,LVd4,20 a 100m,10 a 30º,0 a 60%,Media
0.6,0.2,76.0,LVd2,20 a 100m,10 a 30º,0 a 60%,Baixa
49.1,1.1,28.0,URBANO,20 a 100m,10 a 30º,0 a 60%,Alta
19.8,3.1,28.0,URBANO,20 a 100m,10 a 30º,0 a 60%,Media
83.0,6.3,33.0,URBANO,20 a 100m,10 a 30º,0 a 60%,Media
11.0,0.3,37.0,LVd4,20 a 100m,10 a 30º,0 a 60%,Media
11.0,0.3,25.0,LVd4,20 a 100m,10 a 30º,0 a 60%,Media
4.1,0.1,28.0,URBANO,20 a 100m,10 a 30º,0 a 60%,Media
1.5,0.0,50.0,LVd4,20 a 100m,10 a 30º,0 a 60%,Media
12.7,0.0,81.0,LVd4,20 a 100m,10 a 30º,0 a 60%,Media
10.4,0.1,28.0,URBANO,20 a 100m,10 a 30º,0 a 60%,Media
7.4,0.0,28.0,URBANO,20 a 100m,10 a 30º,0 a 60%,Alta
19.0,1.7,28.0,URBANO,20 a 100m,10 a 30º,0 a 60%,Media
12.7,1.0,53.0,LVd4,20 a 100m,10 a 30º,0 a 60%,Baixa
9.6,0.2,28.0,URBANO,0 a 20m,0 a 5º,0 a 10%,Media
0.9,0.0,56.0,LVd4,20 a 100m,10 a 30º,0 a 60%,Media
1.8,0.2,54.0,LVd4,20 a 100m,10 a 30º,0 a 60%,Media
0.9,0.0,34.0,LVd2,20 a 100m,10 a 30º,0 a 60%,Alta
8.6,0.1,58.0,LVd4,20 a 100m,10 a 30º,0 a 60%,Media
14.2,0.1,66.0,LVd4,20 a 100m,10 a 30º,0 a 60%,Media
26.5,0.3,54.0,LVd4,20 a 100m,10 a 30º,0 a 60%,Media
15.6,0.0,39.0,LVd4,20 a 100m,10 a 30º,0 a 60%,Media
21.9,0.0,61.0,LVd4,20 a 100m,10 a 30º,0 a 60%,Media
83.0,1.8,54.0,LVd4,20 a 100m,10 a 30º,0 a 60%,Media
12.7,0.0,41.0,LVd2,20 a 100m,10 a 30º,0 a 60%,Media
3.3,0.3,16.0,LVd2,20 a 100m,10 a 30º,0 a 60%,Baixa
1.7,0.0,31.0,LVd4,20 a 100m,10 a 30º,0 a 60%,Baixa
10.3,0.4,43.0,LVd2,20 a 100m,10 a 30º,0 a 60%,Media
20.8,0.1,48.0,LVd4,20 a 100m,10 a 30º,0 a 60%,Media
19.1,0.5,49.0,LVd4,20 a 100m,10 a 30º,0 a 60%,Media
3.6,0.3,46.0,LVd4,20 a 100m,10 a 30º,0 a 60%,Media
10.8,0.7,51.0,LVd4,20 a 100m,10 a 30º,0 a 60%,Media
2.7,0.0,61.0,LVd4,20 a 100m,10 a 30º,0 a 60%,Media
10.8,0.7,51.0,LVd4,20 a 100m,10 a 30º,0 a 60%,Media
3.8,0.0,87.0,PV1,20 a 100m,10 a 30º,0 a 60%,Baixa
15.9,1.0,51.0,LVd4,20 a 100m,10 a 30º,0 a 60%,Media
3.6,0.2,32.0,URBANO,20 a 100m,10 a 30º,0 a 60%,Alta
7.3,0.4,50.0,LVd4,20 a 100m,10 a 30º,0 a 60%,Media
7.3,0.5,51.0,LVd4,20 a 100m,10 a 30º,0 a 60%,Baixa
26.5,0.5,35.0,A2,20 a 100m,10 a 30º,0 a 60%,Media
7.4,0.2,49.0,LVd4,20 a 100m,10 a 30º,0 a 60%,Media
4.5,0.3,48.0,LVd4,20 a 100m,10 a 30º,0 a 60%,Media
11.6,0.6,28.0,A2,20 a 100m,10 a 30º,0 a 60%,Media
5.0,0.5,48.0,LVd4,20 a 100m,10 a 30º,0 a 60%,Media
5.3,0.2,43.0,URBANO,20 a 100m,10 a 30º,0 a 60%,Media
4.2,0.6,43.0,LVd4,20 a 100m,10 a 30º,0 a 60%,Alta
17.8,0.9,31.0,LVd4,20 a 100m,10 a 30º,0 a 60%,Media
17.8,1.1,67.0,LVd4,20 a 100m,10 a 30º,0 a 60%,Media
35.6,0.5,32.0,A2,20 a 100m,10 a 30º,0 a 60%,Media
5.0,0.2,48.0,LVd4,20 a 100m,10 a 30º,0 a 60%,Media
4.1,0.0,42.0,A2,20 a 100m,10 a 30º,0 a 60%,Media
5.0,0.3,31.0,LVd4,20 a 100m,10 a 30º,0 a 60%,Media
20.2,1.5,28.0,A2,20 a 100m,10 a 30º,0 a 60%,Alta
4.1,0.2,35.0,A2,20 a 100m,10 a 30º,0 a 60%,Media
9.6,0.1,67.0,LVd4,20 a 100m,10 a 30º,0 a 60%,Media
4.1,0.2,35.0,A2,20 a 100m,10 a 30º,0 a 60%,Media
5.3,0.2,25.0,LVd4,20 a 100m,10 a 30º,0 a 60%,Media
5.3,0.2,43.0,URBANO,20 a 100m,10 a 30º,0 a 60%,Media
6.0,0.1,54.0,LVd4,20 a 100m,10 a 30º,0 a 60%,Baixa
9.6,0.7,41.0,LVd4,20 a 100m,10 a 30º,0 a 60%,Media
19.0,0.8,52.0,URBANO,20 a 100m,10 a 30º,0 a 60%,Media
3.0,0.2,65.0,LVd2,20 a 100m,10 a 30º,0 a 60%,Media
9.6,0.2,49.0,LVd4,20 a 100m,10 a 30º,0 a 60%,Media
17.8,0.2,32.0,URBANO,20 a 100m,10 a 30º,0 a 60%,Media
6.4,0.3,28.0,A2,20 a 100m,10 a 30º,0 a 60%,Media
19.0,2.7,37.0,LVd4,20 a 100m,10 a 30º,0 a 60%,Media
17.8,0.2,42.0,LVd4,20 a 100m,10 a 30º,0 a 60%,Media
17.8,0.4,58.0,LVd4,20 a 100m,10 a 30º,0 a 60%,Media
3.6,0.0,32.0,URBANO,20 a 100m,10 a 30º,0 a 60%,Media
17.8,0.4,55.0,LVd4,20 a 100m,10 a 30º,0 a 60%,Baixa
17.8,0.6,51.0,LVd4,20 a 100m,10 a 30º,0 a 60%,Media
17.8,0.6,32.0,LVd4,20 a 100m,10 a 30º,0 a 60%,Baixa
17.8,0.6,50.0,LVd4,20 a 100m,10 a 30º,0 a 60%,Media
2.4,0.2,67.0,LVd4,20 a 100m,10 a 30º,0 a 60%,Media
4.6,0.1,48.0,LVd4,20 a 100m,10 a 30º,0 a 60%,Media
6.0,0.1,67.0,LVd4,20 a 100m,10 a 30º,0 a 60%,Media
19.0,1.7,23.0,LVd4,20 a 100m,10 a 30º,0 a 60%,Media
3.8,0.1,54.0,LVd4,20 a 100m,10 a 30º,0 a 60%,Media
19.0,1.7,43.0,LVd4,20 a 100m,10 a 30º,0 a 60%,Alta
19.0,1.2,38.0,LVd4,20 a 100m,10 a 30º,0 a 60%,Media
19.0,1.2,58.0,LVd4,20 a 100m,10 a 30º,0 a 60%,Media
19.0,1.2,38.0,LVd4,20 a 100m,10 a 30º,0 a 60%,Media
2.4,0.0,19.0,A2,20 a 100m,10 a 30º,0 a 60%,Media
19.0,0.5,45.0,LVd4,20 a 100m,10 a 30º,0 a 60%,Baixa
17.8,1.1,50.0,LVd4,20 a 100m,10 a 30º,0 a 60%,Media
19.0,0.6,51.0,LVd4,20 a 100m,10 a 30º,0 a 60%,Baixa
7.1,0.5,72.0,LVd4,20 a 100m,10 a 30º,0 a 60%,Media
17.8,0.2,17.0,LVd4,0 a 40m,0 a 5º,0 a 15%,Baixa
19.0,0.1,59.0,A2,20 a 100m,10 a 30º,0 a 60%,Media
2.5,0.1,53.0,LVd4,20 a 100m,10 a 30º,0 a 60%,Media
3.6,0.1,53.0,LVd4,20 a 100m,10 a 30º,0 a 60%,Media
17.8,0.4,48.0,LVd4,20 a 100m,10 a 30º,0 a 60%,Media
3.6,0.1,42.0,A2,20 a 100m,10 a 30º,0 a 60%,Media
19.0,1.7,79.0,LVd4,20 a 100m,10 a 30º,0 a 60%,Baixa
9.6,0.3,42.0,A2,20 a 100m,10 a 30º,0 a 60%,Media
17.8,1.9,50.0,LVd4,20 a 100m,10 a 30º,0 a 60%,Media
1.4,0.0,43.0,URBANO,20 a 100m,10 a 30º,0 a 60%,Media
1.0,0.1,45.0,LVd4,20 a 100m,10 a 30º,0 a 60%,Baixa
3.6,0.2,32.0,URBANO,20 a 100m,10 a 30º,0 a 60%,Alta
17.8,0.5,37.0,LVd4,20 a 100m,10 a 30º,0 a 60%,Media
3.3,0.1,38.0,LVd4,20 a 100m,10 a 30º,0 a 60%,Media
9.6,0.3,36.0,LVd4,20 a 100m,10 a 30º,0 a 60%,Alta
4.3,0.1,41.0,LVd2,20 a 100m,10 a 30º,0 a 60%,Media
9.2,0.3,23.0,LVd4,20 a 100m,10 a 30º,0 a 60%,Media
3.0,0.3,23.0,LVd4,20 a 100m,10 a 30º,0 a 60%,Media
3.6,0.2,72.0,LVd4,20 a 100m,10 a 30º,0 a 60%,Media
9.2,0.4,42.0,LVd4,20 a 100m,10 a 30º,0 a 60%,Media
2.1,0.0,55.0,LVd4,20 a 100m,10 a 30º,0 a 60%,Baixa
2.9,0.1,68.0,LVd4,20 a 100m,10 a 30º,0 a 60%,Baixa
9.6,0.2,55.0,LVd4,20 a 100m,10 a 30º,0 a 60%,Media
9.6,0.6,58.0,LVd4,20 a 100m,10 a 30º,0 a 60%,Media
3.8,0.3,12.0,LVd4,0 a 40m,0 a 5º,0 a 15%,Baixa
3.0,0.3,59.0,LVd4,20 a 100m,10 a 30º,0 a 60%,Media
8.9,0.1,49.0,LVd4,20 a 100m,10 a 30º,0 a 60%,Media
9.6,0.6,17.0,LVd4,0 a 40m,0 a 5º,0 a 15%,Baixa
3.8,0.2,70.0,LVd4,20 a 100m,10 a 30º,0 a 60%,Baixa
9.6,0.6,43.0,LVd4,20 a 100m,10 a 30º,0 a 60%,Baixa
9.6,0.3,51.0,LVd4,20 a 100m,10 a 30º,0 a 60%,Media
3.8,0.1,66.0,LVd4,20 a 100m,10 a 30º,0 a 60%,Baixa
9.6,1.9,48.0,LVd4,20 a 100m,10 a 30º,0 a 60%,Media
9.6,0.6,37.0,LVd4,20 a 100m,10 a 30º,0 a 60%,Media
9.6,0.6,51.0,LVd4,20 a 100m,10 a 30º,0 a 60%,Baixa
4.7,0.0,18.0,LVd2,0 a 20m,0 a 5º,0 a 10%,Baixa
83.0,8.3,25.0,LVd2,0 a 20m,0 a 5º,0 a 10%,Baixa
4.1,0.0,25.0,LVd2,0 a 20m,0 a 5º,0 a 10%,Baixa
83.0,7.9,17.0,LVd2,20 a 100m,10 a 30º,0 a 60%,Baixa
19.0,1.2,25.0,LVd2,0 a 20m,0 a 5º,0 a 10%,Baixa
7.2,0.0,25.0,LVd2,0 a 20m,0 a 5º,0 a 10%,Baixa
8.0,0.3,71.0,LVd2,20 a 100m,10 a 30º,0 a 60%,Media
1.2,0.0,65.0,LVd2,20 a 100m,10 a 30º,0 a 60%,Baixa
21.9,0.0,51.0,LVd2,20 a 100m,10 a 30º,0 a 60%,Alta
14.2,0.3,59.0,LVd2,20 a 100m,10 a 30º,0 a 60%,Alta
26.5,0.3,50.0,LVd2,20 a 100m,10 a 30º,0 a 60%,Media
2.9,0.0,51.0,LVd2,20 a 100m,10 a 30º,0 a 60%,Media
2.9,0.2,51.0,LVd2,20 a 100m,10 a 30º,0 a 60%,Media
15.6,0.0,59.0,LVd2,20 a 100m,10 a 30º,0 a 60%,Alta
21.9,0.1,51.0,LVd2,20 a 100m,10 a 30º,0 a 60%,Media
1.6,0.3,55.0,LVd2,20 a 100m,10 a 30º,0 a 60%,Media
12.7,1.0,30.0,LVd2,20 a 100m,10 a 30º,0 a 60%,Media
12.7,0.9,59.0,LVd2,20 a 100m,10 a 30º,0 a 60%,Alta
83.0,0.0,71.0,LVd2,20 a 100m,10 a 30º,0 a 60%,Media
83.0,3.5,38.0,LVd2,20 a 100m,10 a 30º,0 a 60%,Media
83.0,7.5,65.0,LVd2,20 a 100m,10 a 30º,0 a 60%,Media
27.7,0.4,21.0,LVd2,20 a 100m,10 a 30º,0 a 60%,Baixa
4.1,0.0,39.0,LVd2,20 a 100m,10 a 30º,0 a 60%,Media
1.9,0.5,50.0,LVd2,20 a 100m,10 a 30º,0 a 60%,Media
4.3,0.0,51.0,LVd2,20 a 100m,10 a 30º,0 a 60%,Media
2.0,0.0,51.0,LVd2,20 a 100m,10 a 30º,0 a 60%,Media
19.1,6.5,57.0,LVd2,20 a 100m,10 a 30º,0 a 60%,Media
1.5,0.2,51.0,LVd2,20 a 100m,10 a 30º,0 a 60%,Media
7.3,0.3,43.0,LVd2,20 a 100m,10 a 30º,0 a 60%,Media
7.5,0.1,28.0,LVd2,20 a 100m,10 a 30º,0 a 60%,Media
7.3,0.3,30.0,LVd2,20 a 100m,10 a 30º,0 a 60%,Media
13.4,0.7,38.0,LVd2,20 a 100m,10 a 30º,0 a 60%,Media
15.9,1.1,38.0,LVd2,20 a 100m,10 a 30º,0 a 60%,Media
1.9,0.1,21.0,LVd2,20 a 100m,10 a 30º,0 a 60%,Baixa
2.4,0.2,51.0,LVd2,20 a 100m,10 a 30º,0 a 60%,Media
3.2,0.1,38.0,LVd2,20 a 100m,10 a 30º,0 a 60%,Media
17.8,0.4,70.0,LVd2,20 a 100m,10 a 30º,0 a 60%,Baixa
3.6,0.0,65.0,LVd2,20 a 100m,10 a 30º,0 a 60%,Media
17.8,0.2,30.0,LVd2,20 a 100m,10 a 30º,0 a 60%,Media
19.0,0.6,51.0,LVd2,20 a 100m,10 a 30º,0 a 60%,Media
8.8,0.3,71.0,LVd2,20 a 100m,10 a 30º,0 a 60%,Baixa
3.8,0.1,21.0,LVd2,0 a 40m,0 a 5º,0 a 15%,Baixa
3.8,0.1,30.0,LVd2,20 a 100m,10 a 30º,0 a 60%,Media
16.3,0.4,39.0,LVd2,20 a 100m,10 a 30º,0 a 60%,Media
7.6,0.2,30.0,LVd2,20 a 100m,10 a 30º,0 a 60%,Baixa
9.6,0.1,55.0,LVd2,20 a 100m,10 a 30º,0 a 60%,Media
3.8,0.0,51.0,LVd2,20 a 100m,10 a 30º,0 a 60%,Media
7.2,0.5,19.0,LVd2,20 a 100m,10 a 30º,0 a 60%,Baixa
9.6,0.4,38.0,LVd2,20 a 100m,10 a 30º,0 a 60%,Media
1.7,0.0,38.0,LVd2,20 a 100m,10 a 30º,0 a 60%,Media
12.4,0.6,36.0,A2,20 a 100m,10 a 30º,0 a 60%,Media
14.2,0.6,36.0,URBANO,20 a 100m,10 a 30º,0 a 60%,Baixa
0.6,0.1,28.0,URBANO,20 a 100m,10 a 30º,0 a 60%,Baixa
14.2,0.8,36.0,A2,20 a 100m,10 a 30º,0 a 60%,Media
14.2,1.1,36.0,URBANO,20 a 100m,10 a 30º,0 a 60%,Baixa
21.9,3.4,48.0,URBANO,20 a 100m,10 a 30º,0 a 60%,Media
15.6,0.0,28.0,URBANO,20 a 100m,10 a 30º,0 a 60%,Baixa
0.1,0.1,36.0,URBANO,20 a 100m,10 a 30º,0 a 60%,Baixa
11.6,0.0,36.0,URBANO,20 a 100m,10 a 30º,0 a 60%,Media
83.0,1.1,36.0,URBANO,20 a 100m,10 a 30º,0 a 60%,Baixa
83.0,3.5,28.0,URBANO,20 a 100m,10 a 30º,0 a 60%,Baixa
20.2,0.2,36.0,URBANO,20 a 100m,10 a 30º,0 a 60%,Baixa
12.7,1.1,36.0,URBANO,20 a 100m,10 a 30º,0 a 60%,Baixa
19.1,0.2,36.0,URBANO,20 a 100m,10 a 30º,0 a 60%,Baixa
6.8,0.1,32.0,URBANO,0 a 40m,0 a 5º,0 a 15%,Baixa
6.8,0.1,32.0,URBANO,0 a 40m,0 a 5º,0 a 15%,Baixa
1.1,0.0,28.0,URBANO,20 a 100m,10 a 30º,0 a 60%,Baixa
3.0,0.0,36.0,URBANO,20 a 100m,10 a 30º,0 a 60%,Baixa
2.2,0.0,57.0,A2,20 a 100m,10 a 30º,0 a 60%,Media
14.3,0.4,47.0,URBANO,20 a 100m,10 a 30º,0 a 60%,Media
17.8,0.1,36.0,URBANO,20 a 100m,10 a 30º,0 a 60%,Baixa
17.8,0.1,28.0,URBANO,20 a 100m,10 a 30º,0 a 60%,Media
17.8,0.6,36.0,URBANO,20 a 100m,10 a 30º,0 a 60%,Baixa
1.3,0.0,36.0,URBANO,20 a 100m,10 a 30º,0 a 60%,Baixa
17.8,0.2,55.0,URBANO,20 a 100m,10 a 30º,0 a 60%,Media
3.6,0.3,28.0,URBANO,20 a 100m,10 a 30º,0 a 60%,Media
2.1,0.2,18.0,URBANO,20 a 100m,10 a 30º,0 a 60%,Media
9.6,0.2,48.0,URBANO,20 a 100m,10 a 30º,0 a 60%,Media
5.4,0.2,65.0,A2,20 a 100m,10 a 30º,0 a 60%,Media
0.1,0.0,25.0,A2,20 a 100m,10 a 30º,0 a 60%,Baixa
7.4,0.3,20.0,A2,20 a 100m,10 a 30º,0 a 60%,Baixa
9.4,2.3,47.0,LVd4,20 a 100m,10 a 30º,0 a 60%,Baixa
8.0,0.0,47.0,LVd4,20 a 100m,10 a 30º,0 a 60%,Baixa
0.6,0.0,19.0,A2,20 a 100m,10 a 30º,0 a 60%,Media
12.7,1.0,31.0,A2,20 a 100m,10 a 30º,0 a 60%,Baixa
19.8,3.1,43.0,A2,20 a 100m,10 a 30º,0 a 60%,Media
35.6,0.0,43.0,A2,20 a 100m,10 a 30º,0 a 60%,Media
35.6,0.4,19.0,A2,20 a 100m,10 a 30º,0 a 60%,Media
4.1,0.0,54.0,A2,20 a 100m,10 a 30º,0 a 60%,Media
20.2,0.2,43.0,A2,20 a 100m,10 a 30º,0 a 60%,Media
20.2,1.5,31.0,A2,20 a 100m,10 a 30º,0 a 60%,Baixa
83.0,5.2,37.0,A2,20 a 100m,10 a 30º,0 a 60%,Media
20.2,0.4,43.0,A2,20 a 100m,10 a 30º,0 a 60%,Media
20.2,0.7,31.0,A2,20 a 100m,10 a 30º,0 a 60%,Baixa
17.1,0.3,31.0,A2,20 a 100m,10 a 30º,0 a 60%,Baixa
20.2,0.5,25.0,A2,20 a 100m,10 a 30º,0 a 60%,Media
20.2,1.8,25.0,A2,20 a 100m,10 a 30º,0 a 60%,Media
19.8,0.8,74.0,A2,20 a 100m,10 a 30º,0 a 60%,Media
20.2,0.5,25.0,A2,20 a 100m,10 a 30º,0 a 60%,Media
19.1,0.1,43.0,A2,20 a 100m,10 a 30º,0 a 60%,Media
19.1,0.3,43.0,A2,20 a 100m,10 a 30º,0 a 60%,Media
8.2,0.1,49.0,LVd4,20 a 100m,10 a 30º,0 a 60%,Baixa
19.1,0.4,47.0,A2,20 a 100m,10 a 30º,0 a 60%,Media
11.0,0.3,43.0,A2,20 a 100m,10 a 30º,0 a 60%,Media
3.5,0.0,47.0,A2,20 a 100m,10 a 30º,0 a 60%,Media
7.3,0.3,37.0,A2,20 a 100m,10 a 30º,0 a 60%,Media
7.3,0.3,19.0,A2,20 a 100m,10 a 30º,0 a 60%,Media
6.0,0.2,31.0,LVd4,20 a 100m,10 a 30º,0 a 60%,Media
3.3,0.2,43.0,A2,20 a 100m,10 a 30º,0 a 60%,Media
19.0,0.4,49.0,LVd4,20 a 100m,10 a 30º,0 a 60%,Baixa
3.6,0.2,43.0,A2,20 a 100m,10 a 30º,0 a 60%,Media
17.8,0.4,43.0,A2,20 a 100m,10 a 30º,0 a 60%,Media
7.2,0.1,54.0,A2,20 a 100m,10 a 30º,0 a 60%,Baixa
9.6,0.4,49.0,LVd4,20 a 100m,10 a 30º,0 a 60%,Baixa
9.6,0.2,43.0,A2,20 a 100m,10 a 30º,0 a 60%,Media
3.8,0.3,54.0,A2,20 a 100m,10 a 30º,0 a 60%,Media
2.8,0.1,49.0,LVd4,20 a 100m,10 a 30º,0 a 60%,Baixa
3.8,1.0,43.0,A2,20 a 100m,10 a 30º,0 a 60%,Media
9.6,0.1,37.0,A2,20 a 100m,10 a 30º,0 a 60%,Media
7.2,0.1,43.0,A2,20 a 100m,10 a 30º,0 a 60%,Media
9.6,0.2,25.0,A2,20 a 100m,10 a 30º,0 a 60%,Media
7.6,0.1,42.0,LVd4,20 a 100m,10 a 30º,0 a 60%,Media
9.6,0.4,31.0,LVd4,20 a 100m,10 a 30º,0 a 60%,Media
3.8,0.2,47.0,A2,20 a 100m,10 a 30º,0 a 60%,Media
0.9,0.2,49.0,LVd4,20 a 100m,10 a 30º,0 a 60%,Baixa
9.6,0.2,31.0,LVd4,20 a 100m,10 a 30º,0 a 60%,Baixa
4.4,0.1,19.0,A2,20 a 100m,10 a 30º,0 a 60%,Media
2.6,0.1,47.0,A2,20 a 100m,10 a 30º,0 a 60%,Media
2.6,0.0,49.0,LVd4,20 a 100m,10 a 30º,0 a 60%,Baixa
5.4,0.1,31.0,URBANO,20 a 100m,10 a 30º,0 a 60%,Media
1.8,0.0,39.0,URBANO,20 a 100m,10 a 30º,0 a 60%,Media
0.7,0.0,31.0,URBANO,20 a 100m,10 a 30º,0 a 60%,Media
7.4,0.2,55.0,URBANO,20 a 100m,10 a 30º,0 a 60%,Media
7.2,0.1,39.0,URBANO,20 a 100m,10 a 30º,0 a 60%,Media
9.4,0.1,63.0,LVd4,20 a 100m,10 a 30º,0 a 60%,Baixa
14.2,1.3,86.0,LVd4,20 a 100m,10 a 30º,0 a 60%,Media
4.7,0.0,71.0,LVd4,20 a 100m,10 a 30º,0 a 60%,Media
21.9,0.0,32.0,LVd4,20 a 100m,10 a 30º,0 a 60%,Media
14.2,0.1,43.0,LVd4,20 a 100m,10 a 30º,0 a 60%,Baixa
14.2,0.5,63.0,LVd4,20 a 100m,10 a 30º,0 a 60%,Media
7.4,0.4,45.0,LVd4,20 a 100m,10 a 30º,0 a 60%,Media
7.4,0.3,35.0,LVd4,20 a 100m,10 a 30º,0 a 60%,Baixa
26.5,0.3,32.0,LVd4,20 a 100m,10 a 30º,0 a 60%,Media
2.9,0.0,63.0,LVd4,20 a 100m,10 a 30º,0 a 60%,Media
9.4,0.5,41.0,LVd4,20 a 100m,10 a 30º,0 a 60%,Media
2.9,0.2,26.0,A2,20 a 100m,10 a 30º,0 a 60%,Media
2.9,0.0,42.0,LVd4,20 a 100m,10 a 30º,0 a 60%,Media
49.1,2.2,32.0,LVd4,20 a 100m,10 a 30º,0 a 60%,Baixa
49.1,1.3,32.0,LVd4,20 a 100m,10 a 30º,0 a 60%,Baixa
19.8,0.6,26.0,A2,20 a 100m,10 a 30º,0 a 60%,Media
12.7,1.0,42.0,LVd4,20 a 100m,10 a 30º,0 a 60%,Baixa
12.7,0.5,32.0,LVd4,20 a 100m,10 a 30º,0 a 60%,Media
19.8,0.9,32.0,LVd4,20 a 100m,10 a 30º,0 a 60%,Alta
19.8,0.1,41.0,LVd4,20 a 100m,10 a 30º,0 a 60%,Media
35.6,0.0,45.0,LVd4,20 a 100m,10 a 30º,0 a 60%,Media
35.6,0.4,50.0,LVd4,20 a 100m,10 a 30º,0 a 60%,Media
35.6,0.4,50.0,LVd4,20 a 100m,10 a 30º,0 a 60%,Media
12.7,0.6,63.0,LVd4,20 a 100m,10 a 30º,0 a 60%,Media
19.8,6.1,45.0,LVd4,20 a 100m,10 a 30º,0 a 60%,Media
12.7,0.6,63.0,LVd4,20 a 100m,10 a 30º,0 a 60%,Alta
83.0,1.8,74.0,A2,20 a 100m,10 a 30º,0 a 60%,Baixa
83.0,1.8,66.0,A2,20 a 100m,10 a 30º,0 a 60%,Media
83.0,3.5,63.0,LVd4,20 a 100m,10 a 30º,0 a 60%,Media
83.0,0.0,82.0,LVd4,20 a 100m,10 a 30º,0 a 60%,Media
20.2,0.4,86.0,LVd4,20 a 100m,10 a 30º,0 a 60%,Media
20.2,1.3,63.0,LVd4,20 a 100m,10 a 30º,0 a 60%,Baixa
19.8,0.6,26.0,A2,20 a 100m,10 a 30º,0 a 60%,Media
83.0,3.5,63.0,LVd4,20 a 100m,10 a 30º,0 a 60%,Media
20.2,0.3,43.0,LVd4,20 a 100m,10 a 30º,0 a 60%,Media
19.8,0.6,43.0,LVd4,20 a 100m,10 a 30º,0 a 60%,Media
20.2,0.0,32.0,LVd4,20 a 100m,10 a 30º,0 a 60%,Media
20.2,0.3,42.0,LVd4,20 a 100m,10 a 30º,0 a 60%,Baixa
20.2,0.3,43.0,LVd4,20 a 100m,10 a 30º,0 a 60%,Media
20.2,0.0,47.0,LVd4,20 a 100m,10 a 30º,0 a 60%,Media
83.0,0.0,68.0,LVd4,20 a 100m,10 a 30º,0 a 60%,Media
20.2,0.0,50.0,LVd4,20 a 100m,10 a 30º,0 a 60%,Media
20.2,0.2,71.0,LVd4,20 a 100m,10 a 30º,0 a 60%,Media
27.7,0.6,66.0,LVd4,20 a 100m,10 a 30º,0 a 60%,Media
20.2,0.2,63.0,LVd4,20 a 100m,10 a 30º,0 a 60%,Media
20.2,0.2,52.0,LVd4,20 a 100m,10 a 30º,0 a 60%,Media
20.2,0.2,52.0,LVd4,20 a 100m,10 a 30º,0 a 60%,Media
20.2,0.2,43.0,LVd4,20 a 100m,10 a 30º,0 a 60%,Media
20.2,0.2,43.0,LVd4,20 a 100m,10 a 30º,0 a 60%,Alta
20.2,0.2,53.0,LVd4,20 a 100m,10 a 30º,0 a 60%,Alta
20.2,0.2,43.0,LVd4,20 a 100m,10 a 30º,0 a 60%,Baixa
20.2,1.5,71.0,LVd4,20 a 100m,10 a 30º,0 a 60%,Media
35.6,0.0,63.0,LVd4,20 a 100m,10 a 30º,0 a 60%,Alta
19.8,0.6,63.0,LVd4,20 a 100m,10 a 30º,0 a 60%,Alta
20.2,0.5,71.0,LVd4,20 a 100m,10 a 30º,0 a 60%,Media
0.8,0.0,32.0,LVd4,20 a 100m,10 a 30º,0 a 60%,Media
20.2,0.5,52.0,LVd4,20 a 100m,10 a 30º,0 a 60%,Media
83.0,7.9,50.0,LVd4,20 a 100m,10 a 30º,0 a 60%,Media
12.7,1.0,63.0,LVd4,20 a 100m,10 a 30º,0 a 60%,Baixa
12.7,0.3,86.0,LVd4,20 a 100m,10 a 30º,0 a 60%,Media
20.2,0.5,70.0,LVd4,20 a 100m,10 a 30º,0 a 60%,Media
20.2,0.5,36.0,LVd4,20 a 100m,10 a 30º,0 a 60%,Alta
12.7,0.1,82.0,LVd4,20 a 100m,10 a 30º,0 a 60%,Media
19.8,0.0,86.0,LVd4,20 a 100m,10 a 30º,0 a 60%,Media
19.8,1.2,57.0,A2,20 a 100m,10 a 30º,0 a 60%,Media
19.8,1.5,35.0,LVd4,20 a 100m,10 a 30º,0 a 60%,Media
19.8,0.4,49.0,LVd4,20 a 100m,10 a 30º,0 a 60%,Media
1.8,0.1,32.0,LVd4,20 a 100m,10 a 30º,0 a 60%,Media
2.2,0.2,32.0,LVd4,20 a 100m,10 a 30º,0 a 60%,Media
1.8,0.1,35.0,LVd4,20 a 100m,10 a 30º,0 a 60%,Media
4.4,0.2,32.0,LVd4,20 a 100m,10 a 30º,0 a 60%,Media
1.0,0.2,66.0,LVd4,20 a 100m,10 a 30º,0 a 60%,Media
4.3,0.1,42.0,LVd4,20 a 100m,10 a 30º,0 a 60%,Baixa
14.2,1.6,50.0,LVd4,20 a 100m,10 a 30º,0 a 60%,Media
12.4,0.2,41.0,LVd4,20 a 100m,10 a 30º,0 a 60%,Alta
20.8,1.5,82.0,LVd4,20 a 100m,10 a 30º,0 a 60%,Media
19.1,0.1,32.0,LVd4,20 a 100m,10 a 30º,0 a 60%,Baixa
5.0,0.1,50.0,LVd4,20 a 100m,10 a 30º,0 a 60%,Media
2.8,0.1,74.0,A2,20 a 100m,10 a 30º,0 a 60%,Media
6.8,0.1,63.0,LVd4,20 a 100m,10 a 30º,0 a 60%,Alta
2.1,0.1,57.0,A2,20 a 100m,10 a 30º,0 a 60%,Media
4.1,0.2,63.0,LVd4,20 a 100m,10 a 30º,0 a 60%,Media
3.0,0.0,45.0,LVd4,20 a 100m,10 a 30º,0 a 60%,Media
1.4,0.1,68.0,LVd4,20 a 100m,10 a 30º,0 a 60%,Media
2.4,0.1,33.0,A2,20 a 100m,10 a 30º,0 a 60%,Media
2.6,0.1,63.0,LVd4,20 a 100m,10 a 30º,0 a 60%,Media
6.0,0.3,86.0,LVd4,20 a 100m,10 a 30º,0 a 60%,Media
13.4,0.6,68.0,LVd4,20 a 100m,10 a 30º,0 a 60%,Media
10.8,0.1,63.0,LVd4,20 a 100m,10 a 30º,0 a 60%,Alta
7.3,0.3,50.0,LVd4,20 a 100m,10 a 30º,0 a 60%,Media
1.1,0.0,50.0,LVd4,20 a 100m,10 a 30º,0 a 60%,Baixa
7.4,0.2,43.0,LVd4,20 a 100m,10 a 30º,0 a 60%,Baixa
7.1,0.2,43.0,LVd4,20 a 100m,10 a 30º,0 a 60%,Media
19.0,1.0,63.0,LVd4,20 a 100m,10 a 30º,0 a 60%,Alta
19.0,1.4,63.0,LVd4,20 a 100m,10 a 30º,0 a 60%,Alta
17.8,0.1,57.0,A2,20 a 100m,10 a 30º,0 a 60%,Media
17.8,0.1,33.0,LVd4,20 a 100m,10 a 30º,0 a 60%,Media
17.8,0.4,43.0,LVd4,20 a 100m,10 a 30º,0 a 60%,Alta
19.0,1.7,79.0,LVd4,20 a 100m,10 a 30º,0 a 60%,Alta
19.0,1.7,42.0,LVd4,20 a 100m,10 a 30º,0 a 60%,Media
19.0,1.2,57.0,A2,20 a 100m,10 a 30º,0 a 60%,Media
3.6,0.1,57.0,A2,20 a 100m,10 a 30º,0 a 60%,Baixa
17.8,1.1,43.0,LVd4,20 a 100m,10 a 30º,0 a 60%,Baixa
17.8,0.2,82.0,LVd4,20 a 100m,10 a 30º,0 a 60%,Media
5.0,0.0,32.0,LVd4,20 a 100m,10 a 30º,0 a 60%,Baixa
19.0,0.5,71.0,LVd4,20 a 100m,10 a 30º,0 a 60%,Media
17.8,1.9,57.0,A2,20 a 100m,10 a 30º,0 a 60%,Media
17.8,1.9,43.0,LVd4,20 a 100m,10 a 30º,0 a 60%,Baixa
2.9,0.0,50.0,LVd4,20 a 100m,10 a 30º,0 a 60%,Baixa
17.8,0.5,63.0,LVd4,20 a 100m,10 a 30º,0 a 60%,Baixa
2.9,0.1,53.0,LVd4,20 a 100m,10 a 30º,0 a 60%,Media
7.5,0.3,35.0,LVd4,20 a 100m,10 a 30º,0 a 60%,Baixa
3.0,0.1,36.0,LVd4,20 a 100m,10 a 30º,0 a 60%,Alta
9.6,0.2,43.0,LVd4,20 a 100m,10 a 30º,0 a 60%,Alta
16.3,0.3,70.0,LVd4,20 a 100m,10 a 30º,0 a 60%,Alta
10.3,0.5,32.0,LVd4,20 a 100m,10 a 30º,0 a 60%,Baixa
7.2,0.1,50.0,LVd4,20 a 100m,10 a 30º,0 a 60%,Media
9.6,0.5,74.0,A2,20 a 100m,10 a 30º,0 a 60%,Baixa
9.6,0.3,63.0,LVd4,20 a 100m,10 a 30º,0 a 60%,Alta
9.6,0.6,43.0,LVd4,20 a 100m,10 a 30º,0 a 60%,Baixa
9.6,0.1,26.0,A2,20 a 100m,10 a 30º,0 a 60%,Media
9.6,1.0,45.0,LVd4,20 a 100m,10 a 30º,0 a 60%,Media
2.3,0.0,36.0,LVd4,20 a 100m,10 a 30º,0 a 60%,Alta
10.3,1.6,66.0,LVd4,20 a 100m,10 a 30º,0 a 60%,Media
9.6,0.4,32.0,LVd4,20 a 100m,10 a 30º,0 a 60%,Media
9.6,0.3,82.0,LVd4,20 a 100m,10 a 30º,0 a 60%,Media
16.3,0.9,41.0,LVd4,20 a 100m,10 a 30º,0 a 60%,Alta
9.2,0.2,66.0,LVd4,20 a 100m,10 a 30º,0 a 60%,Media
8.9,0.8,63.0,LVd4,20 a 100m,10 a 30º,0 a 60%,Media
3.8,0.1,50.0,LVd4,20 a 100m,10 a 30º,0 a 60%,Media
9.6,0.3,57.0,A2,20 a 100m,10 a 30º,0 a 60%,Media
9.6,0.3,46.0,LVd4,20 a 100m,10 a 30º,0 a 60%,Media
9.6,0.6,32.0,LVd4,20 a 100m,10 a 30º,0 a 60%,Media
9.6,0.1,32.0,LVd4,20 a 100m,10 a 30º,0 a 60%,Media
9.2,0.4,35.0,LVd4,20 a 100m,10 a 30º,0 a 60%,Baixa
9.6,0.1,36.0,LVd4,20 a 100m,10 a 30º,0 a 60%,Baixa
3.8,0.1,33.0,LVd4,20 a 100m,10 a 30º,0 a 60%,Media
3.8,0.1,57.0,A2,20 a 100m,10 a 30º,0 a 60%,Media
9.2,0.4,41.0,LVd4,20 a 100m,10 a 30º,0 a 60%,Media
7.2,0.0,61.0,LVd4,20 a 100m,10 a 30º,0 a 60%,Media
9.6,0.2,66.0,LVd4,20 a 100m,10 a 30º,0 a 60%,Media
3.8,0.1,32.0,LVd4,20 a 100m,10 a 30º,0 a 60%,Baixa
9.2,0.4,41.0,LVd4,20 a 100m,10 a 30º,0 a 60%,Alta
9.6,0.4,43.0,LVd4,20 a 100m,10 a 30º,0 a 60%,Alta
0.2,0.0,72.0,LVd4,20 a 100m,10 a 30º,0 a 60%,Media
9.6,0.3,53.0,LVd4,20 a 100m,10 a 30º,0 a 60%,Media
3.8,0.1,43.0,LVd4,20 a 100m,10 a 30º,0 a 60%,Baixa
3.8,0.2,36.0,LVd4,20 a 100m,10 a 30º,0 a 60%,Baixa
9.6,0.3,52.0,LVd4,20 a 100m,10 a 30º,0 a 60%,Media
9.6,0.2,66.0,A2,20 a 100m,10 a 30º,0 a 60%,Media
1.7,0.0,43.0,LVd4,20 a 100m,10 a 30º,0 a 60%,Alta
3.8,0.2,43.0,LVd4,20 a 100m,10 a 30º,0 a 60%,Baixa
7.8,0.1,66.0,LVd4,20 a 100m,10 a 30º,0 a 60%,Media
2.1,0.1,32.0,LVd4,20 a 100m,10 a 30º,0 a 60%,Media
4.5,0.5,41.0,LVd4,20 a 100m,10 a 30º,0 a 60%,Media
4.5,0.2,43.0,LVd4,20 a 100m,10 a 30º,0 a 60%,Baixa
2.9,0.0,34.0,A2,20 a 100m,10 a 30º,0 a 60%,Baixa
26.5,0.0,34.0,A2,20 a 100m,10 a 30º,0 a 60%,Baixa
0.6,0.0,52.0,A2,20 a 100m,10 a 30º,0 a 60%,Media
9.6,0.3,46.0,LVd4,20 a 100m,10 a 30º,0 a 60%,Baixa
83.0,1.1,47.0,A2,20 a 100m,10 a 30º,0 a 60%,Baixa
3.7,0.1,70.0,LVd4,20 a 100m,10 a 30º,0 a 60%,Baixa
3.0,0.1,57.0,URBANO,20 a 100m,10 a 30º,0 a 60%,Media
0.8,0.0,28.0,A2,20 a 100m,10 a 30º,0 a 60%,Media
3.5,0.0,66.0,LVd4,20 a 100m,10 a 30º,0 a 60%,Media
6.8,0.7,34.0,A2,20 a 100m,10 a 30º,0 a 60%,Baixa
0.8,0.0,36.0,A2,20 a 100m,10 a 30º,0 a 60%,Media
1.3,0.1,47.0,A2,20 a 100m,10 a 30º,0 a 60%,Media
1.8,0.2,42.0,URBANO,20 a 100m,10 a 30º,0 a 60%,Media
1.0,0.0,47.0,A2,20 a 100m,10 a 30º,0 a 60%,Media
1.7,0.1,28.0,A2,20 a 100m,10 a 30º,0 a 60%,Media
4.0,0.3,62.0,A2,20 a 100m,10 a 30º,0 a 60%,Baixa
19.1,0.1,70.0,LVd2,20 a 100m,10 a 30º,0 a 60%,Media
0.2,0.0,5.0,A2,0 a 40m,0 a 5º,0 a 15%,Baixa
3.4,0.2,52.0,URBANO,20 a 100m,10 a 30º,0 a 60%,Media
3.4,0.3,17.0,URBANO,20 a 100m,10 a 30º,0 a 60%,Baixa
0.3,0.0,12.0,A2,0 a 40m,0 a 5º,0 a 15%,Baixa
19.0,1.2,57.0,URBANO,20 a 100m,10 a 30º,0 a 60%,Media
1.0,0.0,51.0,URBANO,20 a 100m,10 a 30º,0 a 60%,Media
5.0,0.1,20.0,URBANO,20 a 100m,10 a 30º,0 a 60%,Baixa
0.3,0.0,58.0,LVd4,20 a 100m,10 a 30º,0 a 60%,Media
3.6,0.0,27.0,A2,20 a 100m,10 a 30º,0 a 60%,Baixa
2.6,0.0,51.0,LVd4,20 a 100m,10 a 30º,0 a 60%,Media
0.3,0.0,57.0,URBANO,20 a 100m,10 a 30º,0 a 60%,Media
1.2,0.0,58.0,LVd4,20 a 100m,10 a 30º,0 a 60%,Media
0.0,0.0,31.0,URBANO,20 a 100m,10 a 30º,0 a 60%,Media
3.9,0.0,7.0,LVd4,0 a 40m,0 a 5º,0 a 15%,Baixa
1.1,0.0,6.0,URBANO,0 a 20m,0 a 5º,0 a 10%,Baixa
0.0,0.0,6.0,URBANO,0 a 40m,0 a 5º,0 a 15%,Baixa
4.8,0.1,19.0,LVd4,20 a 100m,10 a 30º,0 a 60%,Media
1.2,0.0,34.0,LVd2,20 a 100m,10 a 30º,0 a 60%,Media
0.2,0.0,41.0,LVd2,20 a 100m,10 a 30º,0 a 60%,Media
12.4,0.0,15.0,URBANO,10 a 40m,0 a 10º,0 a 20%,Baixa
7.4,0.3,49.0,PV1,20 a 100m,10 a 30º,0 a 60%,Baixa
14.2,0.6,12.0,A2,20 a 100m,10 a 30º,0 a 60%,Baixa
0.9,0.0,49.0,PV1,20 a 100m,10 a 30º,0 a 60%,Baixa
2.1,0.1,44.0,A2,20 a 100m,10 a 30º,0 a 60%,Media
4.0,0.3,39.0,PV1,20 a 100m,10 a 30º,0 a 60%,Baixa
8.1,0.0,65.0,A2,20 a 100m,10 a 30º,0 a 60%,Media
49.1,4.0,16.0,LVd4,20 a 100m,10 a 30º,0 a 60%,Baixa
4.9,0.6,47.0,URBANO,20 a 100m,10 a 30º,0 a 60%,Media
3.2,0.1,76.0,LVd2,20 a 100m,10 a 30º,0 a 60%,Baixa
9.6,0.2,25.0,LVd4,20 a 100m,10 a 30º,0 a 60%,Media
9.4,0.0,65.0,A2,20 a 100m,10 a 30º,0 a 60%,Media
8.1,0.0,55.0,A2,20 a 100m,10 a 30º,0 a 60%,Media
19.8,3.1,76.0,LVd2,20 a 100m,10 a 30º,0 a 60%,Baixa
35.6,0.5,55.0,A2,20 a 100m,10 a 30º,0 a 60%,Media
83.0,0.5,36.0,A2,20 a 100m,10 a 30º,0 a 60%,Media
0.6,0.1,10.0,HP,0 a 20m,0 a 5º,0 a 10%,Baixa
27.7,1.6,36.0,A2,20 a 100m,10 a 30º,0 a 60%,Media
19.8,1.2,26.0,A2,20 a 100m,10 a 30º,0 a 60%,Media
12.7,0.1,65.0,A2,20 a 100m,10 a 30º,0 a 60%,Media
14.2,1.8,46.0,LVd4,20 a 100m,10 a 30º,0 a 60%,Media
26.5,0.7,31.0,LVd4,20 a 100m,10 a 30º,0 a 60%,Baixa
2.5,0.0,31.0,LVd4,20 a 100m,10 a 30º,0 a 60%,Baixa
3.0,0.0,42.0,LVd4,20 a 100m,10 a 30º,0 a 60%,Media
0.3,0.0,34.0,A2,20 a 100m,10 a 30º,0 a 60%,Media
9.4,0.0,24.0,LVd4,20 a 100m,10 a 30º,0 a 60%,Baixa
14.2,1.4,55.0,LVd4,20 a 100m,10 a 30º,0 a 60%,Baixa
26.5,4.6,35.0,URBANO,20 a 100m,10 a 30º,0 a 60%,Media
3.7,0.1,65.0,A2,20 a 100m,10 a 30º,0 a 60%,Media
8.0,0.0,35.0,URBANO,20 a 100m,10 a 30º,0 a 60%,Media
9.6,0.5,36.0,A2,20 a 100m,10 a 30º,0 a 60%,Media
0.6,0.0,43.0,URBANO,20 a 100m,10 a 30º,0 a 60%,Media
49.1,5.0,55.0,LVd4,20 a 100m,10 a 30º,0 a 60%,Media
19.8,0.9,51.0,LVd4,20 a 100m,10 a 30º,0 a 60%,Baixa
12.7,0.5,37.0,LVd4,20 a 100m,10 a 30º,0 a 60%,Media
19.8,3.1,71.0,LVd4,20 a 100m,10 a 30º,0 a 60%,Media
15.1,0.2,36.0,URBANO,20 a 100m,10 a 30º,0 a 60%,Baixa
0.9,0.0,14.0,URBANO,0 a 20m,0 a 5º,0 a 10%,Baixa
7.8,0.0,8.0,URBANO,0 a 20m,0 a 5º,0 a 10%,Baixa
0.8,0.0,9.0,URBANO,0 a 20m,0 a 5º,0 a 10%,Baixa
83.0,1.3,38.0,LVd4,20 a 100m,10 a 30º,0 a 60%,Media
35.6,0.2,71.0,LVd4,20 a 100m,10 a 30º,0 a 60%,Media
20.2,0.4,35.0,URBANO,20 a 100m,10 a 30º,0 a 60%,Alta
1.3,0.0,26.0,URBANO,20 a 100m,10 a 30º,0 a 60%,Media
27.7,2.2,32.0,URBANO,20 a 100m,10 a 30º,0 a 60%,Media
19.8,0.0,24.0,LVd4,20 a 100m,10 a 30º,0 a 60%,Baixa
12.7,1.3,70.0,LVd4,20 a 100m,10 a 30º,0 a 60%,Baixa
12.7,1.0,70.0,LVd4,20 a 100m,10 a 30º,0 a 60%,Baixa
6.0,0.1,26.0,URBANO,20 a 100m,10 a 30º,0 a 60%,Media
49.1,1.2,61.0,A2,20 a 100m,10 a 30º,0 a 60%,Media
12.4,0.0,68.0,LVd2,20 a 100m,10 a 30º,0 a 60%,Media
0.9,0.0,61.0,LVd4,20 a 100m,10 a 30º,0 a 60%,Alta
0.0,0.0,60.0,LVd4,20 a 100m,10 a 30º,0 a 60%,Media
0.6,0.0,48.0,LVd4,20 a 100m,10 a 30º,0 a 60%,Media
1.3,0.1,33.0,LVd4,20 a 100m,10 a 30º,0 a 60%,Media
83.0,0.2,59.0,PV1,20 a 100m,5 a 30º,0 a 60%,Media
35.6,1.9,51.0,PV1,20 a 100m,5 a 30º,0 a 60%,Media
7.1,0.0,59.0,PV1,20 a 100m,5 a 30º,0 a 60%,Media
49.1,2.8,60.0,LVd2,20 a 100m,10 a 30º,0 a 60%,Media
12.7,0.5,25.0,PV1,20 a 100m,5 a 30º,0 a 60%,Media
7.0,1.1,66.0,LVd4,20 a 100m,10 a 30º,0 a 60%,Baixa
20.1,0.1,36.0,LVd4,20 a 100m,10 a 30º,0 a 60%,Alta
83.0,0.4,79.0,LVd4,20 a 100m,10 a 30º,0 a 60%,Baixa
19.8,0.7,14.0,LVd2,0 a 20m,0 a 5º,0 a 10%,Media
0.9,0.0,22.0,PV1,20 a 100m,5 a 30º,0 a 60%,Media
20.2,0.2,60.0,LVd4,20 a 100m,10 a 30º,0 a 60%,Media
20.2,0.2,44.0,LVd4,20 a 100m,10 a 30º,0 a 60%,Media
3.8,0.1,25.0,PV1,20 a 100m,5 a 30º,0 a 60%,Media
3.5,0.1,24.0,LVd4,20 a 100m,10 a 30º,0 a 60%,Baixa
0.6,0.0,70.0,LVd2,20 a 100m,10 a 30º,0 a 60%,Media
4.5,0.5,22.0,PV1,20 a 100m,5 a 30º,0 a 60%,Media
0.1,0.0,53.0,URBANO,20 a 100m,10 a 30º,0 a 60%,Baixa
7.0,0.4,53.0,LVd4,20 a 100m,10 a 30º,0 a 60%,Baixa
4.8,0.0,23.0,URBANO,20 a 100m,10 a 30º,0 a 60%,Media
12.7,0.1,53.0,LVd4,20 a 100m,10 a 30º,0 a 60%,Baixa
7.1,0.5,53.0,URBANO,20 a 100m,10 a 30º,0 a 60%,Media
0.6,0.0,25.0,LVd2,20 a 100m,10 a 30º,0 a 60%,Media
0.7,0.0,61.0,LVd4,20 a 100m,10 a 30º,0 a 60%,Media
12.7,0.1,57.0,LVd2,20 a 100m,10 a 30º,0 a 60%,Media
2.3,0.2,48.0,LVd4,20 a 100m,10 a 30º,0 a 60%,Media
2.9,0.3,37.0,LVd4,20 a 100m,10 a 30º,0 a 60%,Media
3.0,0.0,34.0,LVd2,20 a 100m,10 a 30º,0 a 60%,Media
9.4,1.1,67.0,LVd4,20 a 100m,10 a 30º,0 a 60%,Media
8.6,0.3,70.0,LVd4,20 a 100m,10 a 30º,0 a 60%,Baixa
13.4,1.6,58.0,LVd4,20 a 100m,10 a 30º,0 a 60%,Media
1.2,0.0,16.0,LVd2,20 a 100m,10 a 30º,0 a 60%,Media
15.0,0.0,63.0,LVd4,20 a 100m,10 a 30º,0 a 60%,Baixa
18.0,0.0,72.0,LVd4,20 a 100m,10 a 30º,0 a 60%,Media
16.0,0.0,71.0,LVd4,20 a 100m,10 a 30º,0 a 60%,Media
8.0,0.0,70.0,LVd4,20 a 100m,10 a 30º,0 a 60%,Baixa
1.0,0.0,63.0,LVd4,20 a 100m,10 a 30º,0 a 60%,Baixa
25.0,0.0,49.0,LVd4,20 a 100m,10 a 30º,0 a 60%,Media
107.0,0.0,54.0,LVd4,20 a 100m,10 a 30º,0 a 60%,Media
1.0,0.0,42.0,A2,20 a 100m,10 a 30º,0 a 60%,Media
107.0,9.0,54.0,LVd4,20 a 100m,10 a 30º,0 a 60%,Media
10.0,0.0,41.0,LVd4,20 a 100m,10 a 30º,0 a 60%,Alta
0.0,0.0,42.0,A2,20 a 100m,10 a 30º,0 a 60%,Media
5.0,0.0,49.0,LVd4,20 a 100m,10 a 30º,0 a 60%,Media
1.0,0.0,67.0,LVd4,20 a 100m,10 a 30º,0 a 60%,Media
1.0,0.0,65.0,LVd2,20 a 100m,10 a 30º,0 a 60%,Media
0.0,0.0,55.0,LVd4,20 a 100m,10 a 30º,0 a 60%,Media
66.0,0.0,42.0,LVd4,20 a 100m,10 a 30º,0 a 60%,Media
10.0,0.0,26.0,LVd4,0 a 40m,0 a 5º,0 a 15%,Baixa
2.0,0.0,7.0,A2,0 a 20m,0 a 5º,0 a 5%,Baixa
0.0,0.0,20.0,LVd4,20 a 100m,10 a 30º,0 a 60%,Media
25.0,0.0,37.0,LVd4,20 a 100m,10 a 30º,0 a 60%,Alta
0.0,0.0,26.0,LVd2,20 a 100m,10 a 30º,0 a 60%,Baixa
107.0,1.0,37.0,LVd4,20 a 100m,10 a 30º,0 a 60%,Baixa
25.0,0.0,24.0,LVd4,20 a 100m,10 a 30º,0 a 60%,Baixa
10.0,0.0,42.0,LVd4,20 a 100m,10 a 30º,0 a 60%,Alta
18.0,1.0,33.0,LVd4,20 a 100m,10 a 30º,0 a 60%,Media
1.0,0.0,61.0,LVd4,20 a 100m,10 a 30º,0 a 60%,Media
8.0,0.0,61.0,LVd4,20 a 100m,10 a 30º,0 a 60%,Media
29.0,0.0,41.0,LVd2,20 a 100m,10 a 30º,0 a 60%,Media
10.0,0.0,28.0,A2,20 a 100m,10 a 30º,0 a 60%,Media
84.0,15.0,28.0,A2,20 a 100m,10 a 30º,0 a 60%,Media
84.0,15.0,17.0,A2,20 a 100m,10 a 30º,0 a 60%,Media
84.0,15.0,39.0,A2,20 a 100m,10 a 30º,0 a 60%,Media
7.0,0.0,37.0,LVd4,20 a 100m,10 a 30º,0 a 60%,Media
11.0,1.0,41.0,LVd4,20 a 100m,10 a 30º,0 a 60%,Baixa
123.0,6.0,37.0,LVd4,20 a 100m,10 a 30º,0 a 60%,Media
0.0,0.0,62.0,A2,20 a 100m,10 a 30º,0 a 60%,Media
5.0,0.0,34.0,A2,20 a 100m,10 a 30º,0 a 60%,Media
16.0,0.0,28.0,A2,20 a 100m,10 a 30º,0 a 60%,Media
8.0,0.0,42.0,LVd4,20 a 100m,10 a 30º,0 a 60%,Media
29.0,0.0,61.0,LVd4,20 a 100m,10 a 30º,0 a 60%,Media
29.0,0.0,46.0,LVd4,20 a 100m,10 a 30º,0 a 60%,Media
3.0,0.0,25.0,LVd4,20 a 100m,10 a 30º,0 a 60%,Media
0.0,0.0,48.0,LVd4,20 a 100m,10 a 30º,0 a 60%,Media
28.0,0.0,61.0,LVd4,20 a 100m,10 a 30º,0 a 60%,Media
16.0,0.0,46.0,LVd4,20 a 100m,10 a 30º,0 a 60%,Media
3.0,0.0,43.0,LVd4,20 a 100m,10 a 30º,0 a 60%,Alta
1.0,0.0,47.0,A2,20 a 100m,10 a 30º,0 a 60%,Media
0.0,0.0,49.0,PV1,20 a 100m,10 a 30º,0 a 60%,Media
28.0,0.0,37.0,A2,20 a 100m,10 a 30º,0 a 60%,Baixa
49.0,0.0,67.0,LVd4,20 a 100m,10 a 30º,0 a 60%,Baixa
16.0,0.0,24.0,LVd4,20 a 100m,10 a 30º,0 a 60%,Baixa
15.0,0.0,72.0,LVd4,20 a 100m,10 a 30º,0 a 60%,Media
1.0,0.0,61.0,LVd4,20 a 100m,10 a 30º,0 a 60%,Media
69.0,0.0,30.0,A2,20 a 100m,10 a 30º,0 a 60%,Media
9.0,0.0,34.0,LVd4,20 a 100m,10 a 30º,0 a 60%,Media
5.0,0.0,36.0,A2,20 a 100m,10 a 30º,0 a 60%,Baixa
4.0,0.0,33.0,LVd4,20 a 100m,10 a 30º,0 a 60%,Media
25.0,0.0,46.0,LVd4,20 a 100m,10 a 30º,0 a 60%,Media
14.0,2.0,43.0,URBANO,20 a 100m,10 a 30º,0 a 60%,Media
15.0,0.0,29.0,A2,20 a 100m,10 a 30º,0 a 60%,Baixa
68.0,5.0,19.0,LVd4,20 a 100m,10 a 30º,0 a 60%,Media
7.0,0.0,47.0,A2,20 a 100m,10 a 30º,0 a 60%,Media
0.0,0.0,67.0,LVd4,20 a 100m,10 a 30º,0 a 60%,Baixa
11.0,0.0,61.0,LVd4,20 a 100m,10 a 30º,0 a 60%,Media
0.0,0.0,17.0,A2,0 a 40m,0 a 5º,0 a 15%,Baixa
34.0,8.0,36.0,A2,20 a 100m,10 a 30º,0 a 60%,Baixa
8.0,0.0,31.0,URBANO,20 a 100m,10 a 30º,0 a 60%,Media
84.0,4.0,20.0,LVd4,20 a 100m,10 a 30º,0 a 60%,Baixa
59.0,0.0,43.0,URBANO,20 a 100m,10 a 30º,0 a 60%,Media
25.0,0.0,28.0,A2,20 a 100m,10 a 30º,0 a 60%,Media
59.0,0.0,43.0,URBANO,20 a 100m,10 a 30º,0 a 60%,Media
16.0,0.0,24.0,LVd4,0 a 40m,0 a 5º,0 a 15%,Media
0.0,0.0,84.0,LVd4,20 a 100m,10 a 30º,0 a 60%,Media
1.0,0.0,39.0,A2,20 a 100m,10 a 30º,0 a 60%,Media
6.0,0.0,50.0,LVd4,0 a 40m,0 a 5º,0 a 15%,Baixa
5.0,0.0,61.0,LVd4,20 a 100m,10 a 30º,0 a 60%,Media
2.0,0.0,27.0,A2,20 a 100m,10 a 30º,0 a 60%,Baixa
17.0,1.0,13.0,A2,20 a 100m,10 a 30º,0 a 60%,Baixa
23.0,0.0,23.0,PV1,20 a 100m,5 a 30º,0 a 60%,Baixa
0.0,0.0,13.0,A2,20 a 100m,10 a 30º,0 a 60%,Media
8.0,0.0,24.0,A2,0 a 40m,0 a 5º,0 a 15%,Baixa
7.0,0.0,47.0,LVd2,20 a 100m,10 a 30º,0 a 60%,Media
8.0,0.0,32.0,LVd2,20 a 100m,10 a 30º,0 a 60%,Media
3.0,0.0,43.0,A2,20 a 100m,10 a 30º,0 a 60%,Baixa
0.0,0.0,32.0,LVd4,20 a 100m,10 a 30º,0 a 60%,Baixa
2.0,0.0,31.0,LVd4,20 a 100m,10 a 30º,0 a 60%,Baixa
10.0,0.0,12.0,LVd4,0 a 40m,0 a 5º,0 a 15%,Baixa
41.0,0.0,11.0,LVd2,0 a 40m,0 a 5º,0 a 15%,Baixa
0.0,0.0,42.0,LVd4,20 a 100m,10 a 30º,0 a 60%,Alta
84.0,4.0,32.0,LVd4,20 a 100m,10 a 30º,0 a 60%,Baixa
12.0,1.0,53.0,A2,20 a 100m,10 a 30º,0 a 60%,Media
53.0,2.0,55.0,A2,20 a 100m,10 a 30º,0 a 60%,Media
0.0,0.0,31.0,LVd4,20 a 100m,10 a 30º,0 a 60%,Media
56.0,0.0,42.0,A2,20 a 100m,10 a 30º,0 a 60%,Media
9.0,0.0,57.0,LVd4,20 a 100m,10 a 30º,0 a 60%,Media
29.0,0.0,51.0,LVd4,20 a 100m,10 a 30º,0 a 60%,Baixa
15.0,0.0,37.0,A2,20 a 100m,10 a 30º,0 a 60%,Media
23.0,2.0,30.0,URBANO,20 a 100m,10 a 30º,0 a 60%,Baixa
0.0,0.0,52.0,LVd2,20 a 100m,10 a 30º,0 a 60%,Media
0.0,0.0,36.0,URBANO,20 a 100m,10 a 30º,0 a 60%,Baixa
29.0,0.0,70.0,LVd4,20 a 100m,10 a 30º,0 a 60%,Media
6.0,2.0,65.0,LVd2,20 a 100m,10 a 30º,0 a 60%,Media
0.0,0.0,9.0,A2,0 a 40m,0 a 5º,0 a 15%,Baixa
58.0,0.0,55.0,A2,20 a 100m,10 a 30º,0 a 60%,Media
0.0,0.0,24.0,LVd4,20 a 100m,10 a 30º,0 a 60%,Baixa
0.0,0.0,24.0,LVd4,20 a 100m,10 a 30º,0 a 60%,Baixa
18.0,0.0,51.0,LVd2,20 a 100m,10 a 30º,0 a 60%,Media
1.0,0.0,26.0,A2,20 a 100m,10 a 30º,0 a 60%,Media
0.0,0.0,32.0,URBANO,20 a 100m,10 a 30º,0 a 60%,Media
12.0,0.0,32.0,URBANO,20 a 100m,10 a 30º,0 a 60%,Alta
0.0,0.0,36.0,A2,20 a 100m,10 a 30º,0 a 60%,Media
123.0,7.0,36.0,A2,20 a 100m,10 a 30º,0 a 60%,Media
29.0,0.0,16.0,LVd2,20 a 100m,10 a 30º,0 a 60%,Baixa
8.0,0.0,36.0,A2,20 a 100m,10 a 30º,0 a 60%,Baixa
3.0,0.0,53.0,A2,20 a 100m,10 a 30º,0 a 60%,Media
19.0,0.0,48.0,A2,20 a 100m,10 a 30º,0 a 60%,Media
1.0,0.0,63.0,A2,20 a 100m,10 a 30º,0 a 60%,Media
0.0,0.0,59.0,PV1,20 a 100m,5 a 30º,0 a 60%,Media
19.0,0.0,51.0,PV1,20 a 100m,5 a 30º,0 a 60%,Media
1.0,0.0,53.0,LVd4,20 a 100m,10 a 30º,0 a 60%,Media
0.0,0.0,58.0,LVd4,20 a 100m,10 a 30º,0 a 60%,Media
15.0,0.0,55.0,LVd4,20 a 100m,10 a 30º,0 a 60%,Media
46.0,0.0,67.0,A2,20 a 100m,10 a 30º,0 a 60%,Media
10.0,0.0,55.0,A2,20 a 100m,10 a 30º,0 a 60%,Media
46.0,1.0,28.0,URBANO,20 a 100m,10 a 30º,0 a 60%,Media
0.0,0.0,50.0,A2,20 a 100m,10 a 30º,0 a 60%,Media
15.0,0.0,23.0,A2,20 a 100m,10 a 30º,0 a 60%,Baixa
35.0,1.0,26.0,A2,20 a 100m,10 a 30º,0 a 60%,Media
11.0,0.0,23.0,URBANO,20 a 100m,10 a 30º,0 a 60%,Media
24.0,0.0,28.0,URBANO,20 a 100m,10 a 30º,0 a 60%,Baixa
20.0,0.0,53.0,URBANO,20 a 100m,5 a 30º,0 a 60%,Baixa
18.0,1.0,59.0,PV1,20 a 100m,5 a 30º,0 a 60%,Media
0.0,0.0,23.0,A2,20 a 100m,10 a 30º,0 a 60%,Baixa
1.0,0.0,51.0,PV1,20 a 100m,5 a 30º,0 a 60%,Media
1.0,1.0,68.0,A2,20 a 100m,10 a 30º,0 a 60%,Media
1.0,0.0,16.0,LVd2,20 a 100m,10 a 30º,0 a 60%,Baixa
0.0,0.0,63.0,A2,20 a 100m,10 a 30º,0 a 60%,Baixa
0.0,0.0,34.0,LVd2,20 a 100m,10 a 30º,0 a 60%,Media
0.0,0.0,58.0,LVd4,20 a 100m,10 a 30º,0 a 60%,Media
20.0,0.0,58.0,LVd4,20 a 100m,10 a 30º,0 a 60%,Media
18.0,0.0,35.0,URBANO,20 a 100m,10 a 30º,0 a 60%,Media
10.0,0.0,41.0,A2,20 a 100m,10 a 30º,0 a 60%,Alta
29.0,0.0,87.0,PV1,20 a 100m,10 a 30º,0 a 60%,Baixa
20.0,0.0,53.0,A2,20 a 100m,10 a 30º,0 a 60%,Media
25.0,0.0,50.0,A2,20 a 100m,10 a 30º,0 a 60%,Media
2.0,0.0,41.0,A2,20 a 100m,10 a 30º,0 a 60%,Media
0.0,0.0,65.0,A2,20 a 100m,10 a 30º,0 a 60%,Media
16.0,0.0,33.0,LVd4,20 a 100m,10 a 30º,0 a 60%,Baixa
11.0,0.0,36.0,LVd4,0 a 40m,0 a 5º,0 a 15%,Baixa
0.0,0.0,41.0,A2,20 a 100m,10 a 30º,0 a 60%,Media
22.0,0.0,13.0,PV1,0 a 40m,0 a 5º,0 a 15%,Baixa
2.0,0.0,54.0,LVd4,20 a 100m,10 a 30º,0 a 60%,Baixa
49.0,0.0,41.0,LVd4,20 a 100m,10 a 30º,0 a 60%,Media
4.0,0.0,32.0,A2,20 a 100m,10 a 30º,0 a 60%,Media
50.0,0.0,37.0,A2,20 a 100m,10 a 30º,0 a 60%,Media
17.0,0.0,23.0,A2,20 a 100m,10 a 30º,0 a 60%,Baixa
0.0,0.0,64.0,A2,20 a 100m,10 a 30º,0 a 60%,Media
17.0,0.0,14.0,LVd2,0 a 20m,0 a 5º,0 a 10%,Media
3.0,0.0,70.0,LVd2,20 a 100m,10 a 30º,0 a 60%,Media
1.0,0.0,16.0,LVd2,20 a 100m,10 a 30º,0 a 60%,Media
59.0,0.0,41.0,A2,20 a 100m,10 a 30º,0 a 60%,Media
1.0,0.0,74.0,LVd4,20 a 100m,10 a 30º,0 a 60%,Media
4.0,0.0,54.0,LVd2,20 a 100m,10 a 30º,0 a 60%,Baixa
1.0,0.0,65.0,A2,20 a 100m,10 a 30º,0 a 60%,Media
14.0,0.0,65.0,LVd2,20 a 100m,10 a 30º,0 a 60%,Media
15.0,0.0,67.0,A2,20 a 100m,10 a 30º,0 a 60%,Media
9.0,0.0,23.0,A2,20 a 100m,10 a 30º,0 a 60%,Baixa
31.0,5.0,16.0,LVd2,20 a 100m,10 a 30º,0 a 60%,Media
13.0,0.0,41.0,LVd2,20 a 100m,10 a 30º,0 a 60%,Media
14.0,0.0,32.0,LVd2,20 a 100m,10 a 30º,0 a 60%,Media
0.0,0.0,76.0,LVd2,20 a 100m,10 a 30º,0 a 60%,Media
0.0,0.0,44.0,A2,20 a 100m,10 a 30º,0 a 60%,Media
0.0,0.0,65.0,LVd2,20 a 100m,10 a 30º,0 a 60%,Media
0.0,0.0,13.0,LVd2,0 a 20m,0 a 5º,0 a 10%,Baixa
17.0,0.0,51.0,LVd2,20 a 100m,10 a 30º,0 a 60%,Media
0.0,0.0,51.0,LVd2,20 a 100m,10 a 30º,0 a 60%,Media
7.0,0.0,52.0,LVd2,20 a 100m,10 a 30º,0 a 60%,Media
10.0,0.0,51.0,LVd2,20 a 100m,10 a 30º,0 a 60%,Media
0.0,0.0,19.0,LVd2,20 a 100m,10 a 30º,0 a 60%,Baixa
69.0,0.0,38.0,LVd2,20 a 100m,10 a 30º,0 a 60%,Media
0.0,0.0,43.0,LVd2,20 a 100m,10 a 30º,0 a 60%,Media
0.0,0.0,34.0,LVd2,20 a 100m,10 a 30º,0 a 60%,Media
1.0,0.0,30.0,LVd2,20 a 100m,10 a 30º,0 a 60%,Media
0.0,0.0,57.0,LVd2,20 a 100m,10 a 30º,0 a 60%,Media
1.0,0.0,30.0,LVd2,20 a 100m,10 a 30º,0 a 60%,Media
5.0,0.0,50.0,LVd2,20 a 100m,10 a 30º,0 a 60%,Media
5.0,0.0,51.0,LVd2,20 a 100m,10 a 30º,0 a 60%,Media
7.0,0.0,39.0,LVd2,20 a 100m,10 a 30º,0 a 60%,Media
8.0,0.0,50.0,LVd2,20 a 100m,10 a 30º,0 a 60%,Media
8.0,0.0,50.0,LVd2,20 a 100m,10 a 30º,0 a 60%,Media
0.0,0.0,24.0,LVd2,20 a 100m,10 a 30º,0 a 60%,Media
11.0,0.0,65.0,LVd2,20 a 100m,10 a 30º,0 a 60%,Baixa
1.0,0.0,51.0,LVd2,20 a 100m,10 a 30º,0 a 60%,Media
101.0,0.0,38.0,LVd2,20 a 100m,10 a 30º,0 a 60%,Media
0.0,0.0,51.0,LVd2,20 a 100m,10 a 30º,0 a 60%,Media
52.0,9.0,28.0,URBANO,20 a 100m,10 a 30º,0 a 60%,Media
0.0,0.0,36.0,A2,20 a 100m,10 a 30º,0 a 60%,Media
84.0,4.0,36.0,A2,20 a 100m,10 a 30º,0 a 60%,Media
8.0,0.0,28.0,URBANO,20 a 100m,10 a 30º,0 a 60%,Baixa
16.0,0.0,28.0,URBANO,20 a 100m,10 a 30º,0 a 60%,Baixa
0.0,0.0,36.0,URBANO,20 a 100m,10 a 30º,0 a 60%,Baixa
15.0,0.0,28.0,URBANO,20 a 100m,10 a 30º,0 a 60%,Alta
31.0,4.0,48.0,URBANO,20 a 100m,10 a 30º,0 a 60%,Media
31.0,0.0,48.0,URBANO,20 a 100m,10 a 30º,0 a 60%,Media
13.0,0.0,36.0,A2,20 a 100m,10 a 30º,0 a 60%,Media
15.0,0.0,36.0,A2,20 a 100m,10 a 30º,0 a 60%,Media
0.0,0.0,28.0,URBANO,20 a 100m,10 a 30º,0 a 60%,Media
123.0,7.0,36.0,URBANO,20 a 100m,10 a 30º,0 a 60%,Baixa
8.0,0.0,36.0,URBANO,20 a 100m,10 a 30º,0 a 60%,Baixa
17.0,0.0,36.0,URBANO,20 a 100m,10 a 30º,0 a 60%,Baixa
5.0,0.0,36.0,URBANO,20 a 100m,10 a 30º,0 a 60%,Baixa
3.0,0.0,32.0,URBANO,0 a 40m,0 a 5º,0 a 15%,Baixa
6.0,0.0,47.0,LVd4,20 a 100m,10 a 30º,0 a 60%,Baixa
84.0,4.0,43.0,A2,20 a 100m,10 a 30º,0 a 60%,Media
84.0,1.0,43.0,A2,20 a 100m,10 a 30º,0 a 60%,Media
98.0,26.0,19.0,A2,0 a 40m,0 a 5º,0 a 15%,Media
15.0,0.0,54.0,A2,20 a 100m,10 a 30º,0 a 60%,Media
2.0,0.0,31.0,LVd4,20 a 100m,10 a 30º,0 a 60%,Baixa
0.0,0.0,31.0,LVd4,20 a 100m,10 a 30º,0 a 60%,Baixa
25.0,0.0,19.0,A2,0 a 40m,0 a 5º,0 a 15%,Media
0.0,0.0,37.0,A2,20 a 100m,10 a 30º,0 a 60%,Media
1.0,0.0,54.0,A2,20 a 100m,10 a 30º,0 a 60%,Baixa
1.0,0.0,42.0,A2,20 a 100m,10 a 30º,0 a 60%,Baixa
1.0,0.0,18.0,A2,20 a 100m,10 a 30º,0 a 60%,Media
5.0,0.0,54.0,A2,20 a 100m,10 a 30º,0 a 60%,Media
0.0,0.0,35.0,URBANO,20 a 100m,10 a 30º,0 a 60%,Media
5.0,0.0,33.0,URBANO,20 a 100m,10 a 30º,0 a 60%,Baixa
11.0,0.0,11.0,URBANO,0 a 20m,0 a 5º,0 a 10%,Media
12.0,0.0,37.0,AGUA,20 a 100m,10 a 30º,0 a 60%,Baixa
0.0,0.0,31.0,URBANO,20 a 100m,10 a 30º,0 a 60%,Media
67.0,5.0,43.0,LVd4,20 a 100m,10 a 30º,0 a 60%,Baixa
75.0,0.0,43.0,LVd4,20 a 100m,10 a 30º,0 a 60%,Media
52.0,0.0,66.0,LVd4,20 a 100m,10 a 30º,0 a 60%,Media
3.0,1.0,46.0,LVd4,20 a 100m,10 a 30º,0 a 60%,Media
6.0,0.0,33.0,A2,20 a 100m,10 a 30º,0 a 60%,Media
0.0,0.0,57.0,A2,20 a 100m,10 a 30º,0 a 60%,Media
0.0,0.0,57.0,A2,20 a 100m,10 a 30º,0 a 60%,Media
10.0,0.0,82.0,LVd4,20 a 100m,10 a 30º,0 a 60%,Baixa
10.0,0.0,35.0,LVd4,20 a 100m,10 a 30º,0 a 60%,Media
61.0,0.0,86.0,LVd4,20 a 100m,10 a 30º,0 a 60%,Media
29.0,1.0,70.0,LVd4,20 a 100m,10 a 30º,0 a 60%,Alta
29.0,0.0,35.0,LVd4,20 a 100m,10 a 30º,0 a 60%,Baixa
21.0,0.0,43.0,LVd4,20 a 100m,10 a 30º,0 a 60%,Baixa
27.0,0.0,32.0,LVd4,20 a 100m,10 a 30º,0 a 60%,Media
3.0,0.0,35.0,LVd4,20 a 100m,10 a 30º,0 a 60%,Media
1.0,0.0,66.0,LVd4,20 a 100m,10 a 30º,0 a 60%,Media
13.0,0.0,46.0,LVd4,20 a 100m,10 a 30º,0 a 60%,Media
0.0,0.0,63.0,LVd4,20 a 100m,10 a 30º,0 a 60%,Baixa
4.0,0.0,61.0,LVd4,20 a 100m,10 a 30º,0 a 60%,Media
4.0,0.0,82.0,LVd4,20 a 100m,10 a 30º,0 a 60%,Media
4.0,0.0,50.0,LVd4,20 a 100m,10 a 30º,0 a 60%,Media
0.0,0.0,63.0,LVd4,20 a 100m,10 a 30º,0 a 60%,Alta
0.0,0.0,52.0,LVd4,20 a 100m,10 a 30º,0 a 60%,Media
15.0,0.0,53.0,A2,20 a 100m,10 a 30º,0 a 60%,Alta
15.0,0.0,32.0,LVd4,20 a 100m,10 a 30º,0 a 60%,Media
15.0,0.0,32.0,LVd4,20 a 100m,10 a 30º,0 a 60%,Media
0.0,0.0,33.0,A2,20 a 100m,10 a 30º,0 a 60%,Media
16.0,1.0,72.0,LVd4,20 a 100m,10 a 30º,0 a 60%,Media
0.0,0.0,58.0,LVd4,20 a 100m,10 a 30º,0 a 60%,Baixa
6.0,0.0,82.0,LVd4,20 a 100m,10 a 30º,0 a 60%,Media
33.0,8.0,71.0,LVd4,20 a 100m,10 a 30º,0 a 60%,Media
48.0,0.0,43.0,LVd4,20 a 100m,10 a 30º,0 a 60%,Baixa
4.0,0.0,26.0,A2,20 a 100m,10 a 30º,0 a 60%,Media
2.0,0.0,49.0,LVd4,20 a 100m,10 a 30º,0 a 60%,Media
14.0,0.0,43.0,LVd4,20 a 100m,10 a 30º,0 a 60%,Media
2.0,0.0,63.0,LVd4,20 a 100m,10 a 30º,0 a 60%,Alta
61.0,0.0,32.0,LVd4,20 a 100m,10 a 30º,0 a 60%,Media
2.0,0.0,32.0,LVd4,20 a 100m,10 a 30º,0 a 60%,Alta
0.0,0.0,68.0,LVd4,20 a 100m,10 a 30º,0 a 60%,Baixa
0.0,0.0,63.0,LVd4,20 a 100m,10 a 30º,0 a 60%,Media
0.0,0.0,33.0,A2,20 a 100m,10 a 30º,0 a 60%,Media
0.0,0.0,46.0,LVd4,20 a 100m,10 a 30º,0 a 60%,Media
13.0,0.0,34.0,A2,20 a 100m,10 a 30º,0 a 60%,Baixa
15.0,0.0,53.0,LVd4,20 a 100m,10 a 30º,0 a 60%,Media
66.0,0.0,43.0,LVd4,20 a 100m,10 a 30º,0 a 60%,Media
133.0,12.0,33.0,A2,20 a 100m,10 a 30º,0 a 60%,Media
2.0,0.0,32.0,LVd4,20 a 100m,10 a 30º,0 a 60%,Media
4.0,0.0,43.0,LVd4,20 a 100m,10 a 30º,0 a 60%,Alta
25.0,0.0,50.0,LVd4,20 a 100m,10 a 30º,0 a 60%,Media
123.0,1.0,63.0,LVd4,20 a 100m,10 a 30º,0 a 60%,Alta
2.0,0.0,36.0,LVd4,20 a 100m,10 a 30º,0 a 60%,Baixa
12.0,0.0,63.0,LVd4,20 a 100m,10 a 30º,0 a 60%,Media
12.0,0.0,46.0,LVd4,20 a 100m,10 a 30º,0 a 60%,Media
2.0,0.0,53.0,A2,20 a 100m,10 a 30º,0 a 60%,Alta
123.0,6.0,26.0,A2,20 a 100m,10 a 30º,0 a 60%,Media
5.0,0.0,36.0,LVd4,20 a 100m,10 a 30º,0 a 60%,Baixa
92.0,0.0,42.0,LVd4,20 a 100m,10 a 30º,0 a 60%,Baixa
2.0,0.0,63.0,LVd4,20 a 100m,10 a 30º,0 a 60%,Baixa
92.0,0.0,26.0,A2,20 a 100m,10 a 30º,0 a 60%,Media
8.0,0.0,70.0,LVd4,20 a 100m,10 a 30º,0 a 60%,Media
0.0,0.0,43.0,LVd4,20 a 100m,10 a 30º,0 a 60%,Alta
0.0,0.0,63.0,LVd4,20 a 100m,10 a 30º,0 a 60%,Alta
0.0,0.0,46.0,LVd4,20 a 100m,10 a 30º,0 a 60%,Media
56.0,0.0,33.0,A2,20 a 100m,10 a 30º,0 a 60%,Media
63.0,1.0,36.0,LVd4,20 a 100m,10 a 30º,0 a 60%,Alta
56.0,0.0,43.0,LVd4,20 a 100m,10 a 30º,0 a 60%,Baixa
6.0,0.0,63.0,LVd4,20 a 100m,10 a 30º,0 a 60%,Alta
59.0,0.0,36.0,LVd4,20 a 100m,10 a 30º,0 a 60%,Baixa
0.0,0.0,35.0,LVd4,20 a 100m,10 a 30º,0 a 60%,Media
5.0,0.0,74.0,A2,20 a 100m,10 a 30º,0 a 60%,Media
7.0,0.0,66.0,A2,20 a 100m,10 a 30º,0 a 60%,Media
0.0,0.0,66.0,LVd4,20 a 100m,10 a 30º,0 a 60%,Media
3.0,0.0,50.0,LVd4,20 a 100m,10 a 30º,0 a 60%,Media
2.0,0.0,34.0,A2,20 a 100m,10 a 30º,0 a 60%,Baixa
2.0,0.0,7.0,URBANO,0 a 20m,0 a 5º,0 a 10%,Baixa
2.0,0.0,7.0,URBANO,0 a 20m,0 a 5º,0 a 10%,Baixa
0.0,0.0,9.0,URBANO,0 a 20m,0 a 5º,0 a 10%,Baixa
0.0,0.0,43.0,LVd4,20 a 100m,10 a 30º,0 a 60%,Alta
4.0,0.0,28.0,A2,20 a 100m,10 a 30º,0 a 60%,Baixa
0.0,0.0,37.0,LVd4,20 a 100m,10 a 30º,0 a 60%,Alta
2.0,0.0,28.0,A2,20 a 100m,10 a 30º,0 a 60%,Baixa
0.0,0.0,41.0,LVd2,20 a 100m,10 a 30º,0 a 60%,Media
6.0,0.0,7.0,HP,0 a 20m,0 a 5º,0 a 10%,Baixa
18.0,0.0,6.0,HP,0 a 40m,0 a 5º,0 a 15%,Baixa
2.0,0.0,12.0,HP,0 a 20m,0 a 5º,0 a 10%,Baixa
0.0,0.0,55.0,LVd4,20 a 100m,10 a 30º,0 a 60%,Baixa
84.0,0.0,42.0,LVd4,20 a 100m,10 a 30º,0 a 60%,Media
2.0,0.0,47.0,A2,20 a 100m,10 a 30º,0 a 60%,Media
0.0,0.0,28.0,LVd4,20 a 100m,10 a 30º,0 a 60%,Media
0.0,0.0,28.0,A2,20 a 100m,10 a 30º,0 a 60%,Media
5.0,0.0,28.0,A2,20 a 100m,10 a 30º,0 a 60%,Media
23.0,0.0,71.0,LVd4,20 a 100m,10 a 30º,0 a 60%,Media
2.0,0.0,43.0,URBANO,20 a 100m,10 a 30º,0 a 60%,Media
12.0,0.0,30.0,A2,20 a 100m,10 a 30º,0 a 60%,Media
0.0,0.0,62.0,A2,20 a 100m,10 a 30º,0 a 60%,Media
2.0,0.0,23.0,LVd4,20 a 100m,10 a 30º,0 a 60%,Baixa
0.0,0.0,11.0,URBANO,0 a 20m,0 a 5º,0 a 10%,Baixa
4.0,0.0,56.0,LVd4,20 a 100m,10 a 30º,0 a 60%,Media
0.0,0.0,13.0,A2,20 a 100m,10 a 30º,0 a 60%,Baixa
92.0,0.0,51.0,LVd4,20 a 100m,10 a 30º,0 a 60%,Baixa
3.0,0.0,28.0,A2,20 a 100m,10 a 30º,0 a 60%,Media
2.0,0.0,13.0,A2,20 a 100m,10 a 30º,0 a 60%,Baixa
1.0,0.0,13.0,A2,20 a 100m,10 a 30º,0 a 60%,Baixa
0.0,0.0,16.0,A2,20 a 100m,10 a 30º,0 a 60%,Baixa
2.0,0.0,55.0,LVd4,20 a 100m,10 a 30º,0 a 60%,Media
6.0,0.0,23.0,URBANO,20 a 100m,10 a 30º,0 a 60%,Media
133.0,12.0,51.0,URBANO,20 a 100m,10 a 30º,0 a 60%,Media
0.0,0.0,16.0,A2,20 a 100m,10 a 30º,0 a 60%,Media
6.0,0.0,35.0,URBANO,20 a 100m,10 a 30º,0 a 60%,Media
9.0,0.0,12.0,A2,0 a 20m,0 a 5º,0 a 5%,Baixa
5.0,0.0,32.0,LVd4,20 a 100m,10 a 30º,0 a 60%,Baixa
3.0,0.0,8.0,LVd2,0 a 20m,0 a 5º,0 a 10%,Baixa
23.0,0.0,46.0,LVd4,20 a 100m,10 a 30º,0 a 60%,Baixa
0.0,0.0,34.0,A2,20 a 100m,10 a 30º,0 a 60%,Media
1.0,0.0,46.0,LVd4,20 a 100m,10 a 30º,0 a 60%,Media
10.0,0.0,58.0,LVd4,20 a 100m,10 a 30º,0 a 60%,Media
10.0,0.0,33.0,LVd4,20 a 100m,10 a 30º,0 a 60%,Media
46.0,0.0,36.0,A2,20 a 100m,10 a 30º,0 a 60%,Baixa
8.0,0.0,53.0,URBANO,20 a 100m,10 a 30º,0 a 60%,Baixa
0.0,0.0,36.0,A2,20 a 100m,10 a 30º,0 a 60%,Baixa
0.0,0.0,58.0,LVd4,20 a 100m,10 a 30º,0 a 60%,Media
0.0,0.0,36.0,A2,20 a 100m,10 a 30º,0 a 60%,Media
0.0,0.0,36.0,A2,20 a 100m,10 a 30º,0 a 60%,Media
1.0,0.0,26.0,A2,20 a 100m,10 a 30º,0 a 60%,Media
0.0,0.0,58.0,LVd4,20 a 100m,10 a 30º,0 a 60%,Media
1.0,0.0,36.0,A2,20 a 100m,10 a 30º,0 a 60%,Media
5.0,0.0,22.0,PV1,0 a 40m,0 a 5º,0 a 15%,Baixa
27.0,0.0,22.0,PV1,20 a 100m,5 a 30º,0 a 60%,Media
3.0,0.0,22.0,PV1,20 a 100m,5 a 30º,0 a 60%,Media
0.0,0.0,31.0,URBANO,20 a 100m,10 a 30º,0 a 60%,Media
0.0,0.0,16.0,URBANO,20 a 100m,10 a 30º,0 a 60%,Media
